timestamp,cadence_raw,cadence_spm
2026-06-16 07:11:40+00:00,48,96
2026-06-16 07:11:41+00:00,48,96
2026-06-16 07:11:42+00:00,48,96
2026-06-16 07:11:43+00:00,0,0
2026-06-16 07:11:44+00:00,0,0
2026-06-16 07:11:45+00:00,0,0
2026-06-16 07:11:46+00:00,75,150
2026-06-16 07:11:47+00:00,75,150
2026-06-16 07:11:48+00:00,75,150
2026-06-16 07:11:49+00:00,75,150
2026-06-16 07:11:50+00:00,75,150
2026-06-16 07:11:51+00:00,77,154
2026-06-16 07:11:52+00:00,79,158
2026-06-16 07:11:53+00:00,81,162
2026-06-16 07:11:54+00:00,81,162
2026-06-16 07:11:55+00:00,81,162
2026-06-16 07:11:56+00:00,81,162
2026-06-16 07:11:57+00:00,80,160
2026-06-16 07:11:58+00:00,80,160
2026-06-16 07:11:59+00:00,80,160
2026-06-16 07:12:00+00:00,80,160
2026-06-16 07:12:01+00:00,80,160
2026-06-16 07:12:02+00:00,78,156
2026-06-16 07:12:03+00:00,78,156
2026-06-16 07:12:04+00:00,79,158
2026-06-16 07:12:05+00:00,80,160
2026-06-16 07:12:06+00:00,81,162
2026-06-16 07:12:07+00:00,81,162
2026-06-16 07:12:08+00:00,80,160
2026-06-16 07:12:09+00:00,79,158
2026-06-16 07:12:10+00:00,79,158
2026-06-16 07:12:11+00:00,78,156
2026-06-16 07:12:12+00:00,78,156
2026-06-16 07:12:13+00:00,78,156
2026-06-16 07:12:14+00:00,79,158
2026-06-16 07:12:15+00:00,79,158
2026-06-16 07:12:16+00:00,79,158
2026-06-16 07:12:17+00:00,79,158
2026-06-16 07:12:18+00:00,80,160
2026-06-16 07:12:19+00:00,80,160
2026-06-16 07:12:20+00:00,80,160
2026-06-16 07:12:21+00:00,80,160
2026-06-16 07:12:22+00:00,81,162
2026-06-16 07:12:23+00:00,81,162
2026-06-16 07:12:24+00:00,80,160
2026-06-16 07:12:25+00:00,80,160
2026-06-16 07:12:26+00:00,80,160
2026-06-16 07:12:27+00:00,80,160
2026-06-16 07:12:28+00:00,80,160
2026-06-16 07:12:29+00:00,80,160
2026-06-16 07:12:30+00:00,80,160
2026-06-16 07:12:31+00:00,78,156
2026-06-16 07:12:32+00:00,77,154
2026-06-16 07:12:33+00:00,77,154
2026-06-16 07:12:34+00:00,78,156
2026-06-16 07:12:35+00:00,80,160
2026-06-16 07:12:36+00:00,81,162
2026-06-16 07:12:37+00:00,81,162
2026-06-16 07:12:38+00:00,80,160
2026-06-16 07:12:39+00:00,80,160
2026-06-16 07:12:40+00:00,79,158
2026-06-16 07:12:41+00:00,79,158
2026-06-16 07:12:42+00:00,79,158
2026-06-16 07:12:43+00:00,80,160
2026-06-16 07:12:44+00:00,81,162
2026-06-16 07:12:45+00:00,82,164
2026-06-16 07:12:46+00:00,82,164
2026-06-16 07:12:47+00:00,82,164
2026-06-16 07:12:48+00:00,80,160
2026-06-16 07:12:49+00:00,79,158
2026-06-16 07:12:50+00:00,79,158
2026-06-16 07:12:51+00:00,79,158
2026-06-16 07:12:52+00:00,78,156
2026-06-16 07:12:53+00:00,78,156
2026-06-16 07:12:54+00:00,78,156
2026-06-16 07:12:55+00:00,78,156
2026-06-16 07:12:56+00:00,78,156
2026-06-16 07:12:57+00:00,78,156
2026-06-16 07:12:58+00:00,77,154
2026-06-16 07:12:59+00:00,77,154
2026-06-16 07:13:00+00:00,78,156
2026-06-16 07:13:01+00:00,79,158
2026-06-16 07:13:02+00:00,79,158
2026-06-16 07:13:03+00:00,80,160
2026-06-16 07:13:04+00:00,80,160
2026-06-16 07:13:05+00:00,80,160
2026-06-16 07:13:06+00:00,80,160
2026-06-16 07:13:07+00:00,81,162
2026-06-16 07:13:08+00:00,81,162
2026-06-16 07:13:09+00:00,79,158
2026-06-16 07:13:10+00:00,79,158
2026-06-16 07:13:11+00:00,79,158
2026-06-16 07:13:12+00:00,79,158
2026-06-16 07:13:13+00:00,79,158
2026-06-16 07:13:14+00:00,79,158
2026-06-16 07:13:15+00:00,79,158
2026-06-16 07:13:16+00:00,79,158
2026-06-16 07:13:17+00:00,79,158
2026-06-16 07:13:18+00:00,78,156
2026-06-16 07:13:19+00:00,78,156
2026-06-16 07:13:20+00:00,78,156
2026-06-16 07:13:21+00:00,79,158
2026-06-16 07:13:22+00:00,79,158
2026-06-16 07:13:23+00:00,79,158
2026-06-16 07:13:24+00:00,79,158
2026-06-16 07:13:25+00:00,80,160
2026-06-16 07:13:26+00:00,80,160
2026-06-16 07:13:27+00:00,80,160
2026-06-16 07:13:28+00:00,80,160
2026-06-16 07:13:29+00:00,79,158
2026-06-16 07:13:30+00:00,79,158
2026-06-16 07:13:31+00:00,79,158
2026-06-16 07:13:32+00:00,78,156
2026-06-16 07:13:33+00:00,78,156
2026-06-16 07:13:34+00:00,77,154
2026-06-16 07:13:35+00:00,77,154
2026-06-16 07:13:36+00:00,79,158
2026-06-16 07:13:37+00:00,79,158
2026-06-16 07:13:38+00:00,78,156
2026-06-16 07:13:39+00:00,77,154
2026-06-16 07:13:40+00:00,77,154
2026-06-16 07:13:41+00:00,77,154
2026-06-16 07:13:42+00:00,77,154
2026-06-16 07:13:43+00:00,77,154
2026-06-16 07:13:44+00:00,77,154
2026-06-16 07:13:45+00:00,77,154
2026-06-16 07:13:46+00:00,78,156
2026-06-16 07:13:47+00:00,78,156
2026-06-16 07:13:48+00:00,78,156
2026-06-16 07:13:49+00:00,78,156
2026-06-16 07:13:50+00:00,79,158
2026-06-16 07:13:51+00:00,79,158
2026-06-16 07:13:52+00:00,79,158
2026-06-16 07:13:53+00:00,77,154
2026-06-16 07:13:54+00:00,77,154
2026-06-16 07:13:55+00:00,77,154
2026-06-16 07:13:56+00:00,77,154
2026-06-16 07:13:57+00:00,77,154
2026-06-16 07:13:58+00:00,77,154
2026-06-16 07:13:59+00:00,77,154
2026-06-16 07:14:00+00:00,78,156
2026-06-16 07:14:01+00:00,79,158
2026-06-16 07:14:02+00:00,79,158
2026-06-16 07:14:03+00:00,79,158
2026-06-16 07:14:04+00:00,77,154
2026-06-16 07:14:05+00:00,77,154
2026-06-16 07:14:06+00:00,77,154
2026-06-16 07:14:07+00:00,77,154
2026-06-16 07:14:08+00:00,77,154
2026-06-16 07:14:09+00:00,77,154
2026-06-16 07:14:10+00:00,78,156
2026-06-16 07:14:11+00:00,78,156
2026-06-16 07:14:12+00:00,77,154
2026-06-16 07:14:13+00:00,77,154
2026-06-16 07:14:14+00:00,77,154
2026-06-16 07:14:15+00:00,76,152
2026-06-16 07:14:16+00:00,76,152
2026-06-16 07:14:17+00:00,76,152
2026-06-16 07:14:18+00:00,77,154
2026-06-16 07:14:19+00:00,77,154
2026-06-16 07:14:20+00:00,80,160
2026-06-16 07:14:21+00:00,81,162
2026-06-16 07:14:22+00:00,81,162
2026-06-16 07:14:23+00:00,81,162
2026-06-16 07:14:24+00:00,81,162
2026-06-16 07:14:25+00:00,81,162
2026-06-16 07:14:26+00:00,81,162
2026-06-16 07:14:27+00:00,80,160
2026-06-16 07:14:28+00:00,80,160
2026-06-16 07:14:29+00:00,79,158
2026-06-16 07:14:30+00:00,79,158
2026-06-16 07:14:31+00:00,80,160
2026-06-16 07:14:32+00:00,80,160
2026-06-16 07:14:33+00:00,80,160
2026-06-16 07:14:34+00:00,81,162
2026-06-16 07:14:35+00:00,81,162
2026-06-16 07:14:36+00:00,80,160
2026-06-16 07:14:37+00:00,80,160
2026-06-16 07:14:38+00:00,81,162
2026-06-16 07:14:39+00:00,81,162
2026-06-16 07:14:40+00:00,82,164
2026-06-16 07:14:41+00:00,82,164
2026-06-16 07:14:42+00:00,81,162
2026-06-16 07:14:43+00:00,81,162
2026-06-16 07:14:44+00:00,81,162
2026-06-16 07:14:45+00:00,81,162
2026-06-16 07:14:46+00:00,81,162
2026-06-16 07:14:47+00:00,80,160
2026-06-16 07:14:48+00:00,80,160
2026-06-16 07:14:49+00:00,80,160
2026-06-16 07:14:50+00:00,80,160
2026-06-16 07:14:51+00:00,81,162
2026-06-16 07:14:52+00:00,81,162
2026-06-16 07:14:53+00:00,81,162
2026-06-16 07:14:54+00:00,81,162
2026-06-16 07:14:55+00:00,81,162
2026-06-16 07:14:56+00:00,81,162
2026-06-16 07:14:57+00:00,80,160
2026-06-16 07:14:58+00:00,80,160
2026-06-16 07:14:59+00:00,80,160
2026-06-16 07:15:00+00:00,79,158
2026-06-16 07:15:01+00:00,80,160
2026-06-16 07:15:02+00:00,80,160
2026-06-16 07:15:03+00:00,80,160
2026-06-16 07:15:04+00:00,80,160
2026-06-16 07:15:05+00:00,81,162
2026-06-16 07:15:06+00:00,81,162
2026-06-16 07:15:07+00:00,81,162
2026-06-16 07:15:08+00:00,81,162
2026-06-16 07:15:09+00:00,81,162
2026-06-16 07:15:10+00:00,81,162
2026-06-16 07:15:11+00:00,80,160
2026-06-16 07:15:12+00:00,78,156
2026-06-16 07:15:13+00:00,78,156
2026-06-16 07:15:14+00:00,78,156
2026-06-16 07:15:15+00:00,78,156
2026-06-16 07:15:16+00:00,78,156
2026-06-16 07:15:17+00:00,79,158
2026-06-16 07:15:18+00:00,79,158
2026-06-16 07:15:19+00:00,79,158
2026-06-16 07:15:20+00:00,80,160
2026-06-16 07:15:21+00:00,80,160
2026-06-16 07:15:22+00:00,81,162
2026-06-16 07:15:23+00:00,81,162
2026-06-16 07:15:24+00:00,81,162
2026-06-16 07:15:25+00:00,81,162
2026-06-16 07:15:26+00:00,81,162
2026-06-16 07:15:27+00:00,81,162
2026-06-16 07:15:28+00:00,81,162
2026-06-16 07:15:29+00:00,81,162
2026-06-16 07:15:30+00:00,79,158
2026-06-16 07:15:31+00:00,79,158
2026-06-16 07:15:32+00:00,79,158
2026-06-16 07:15:33+00:00,79,158
2026-06-16 07:15:34+00:00,80,160
2026-06-16 07:15:35+00:00,80,160
2026-06-16 07:15:36+00:00,80,160
2026-06-16 07:15:37+00:00,80,160
2026-06-16 07:15:38+00:00,80,160
2026-06-16 07:15:39+00:00,80,160
2026-06-16 07:15:40+00:00,80,160
2026-06-16 07:15:41+00:00,80,160
2026-06-16 07:15:42+00:00,80,160
2026-06-16 07:15:43+00:00,80,160
2026-06-16 07:15:44+00:00,80,160
2026-06-16 07:15:45+00:00,80,160
2026-06-16 07:15:46+00:00,80,160
2026-06-16 07:15:47+00:00,80,160
2026-06-16 07:15:48+00:00,80,160
2026-06-16 07:15:49+00:00,80,160
2026-06-16 07:15:50+00:00,80,160
2026-06-16 07:15:51+00:00,80,160
2026-06-16 07:15:52+00:00,80,160
2026-06-16 07:15:53+00:00,79,158
2026-06-16 07:15:54+00:00,79,158
2026-06-16 07:15:55+00:00,79,158
2026-06-16 07:15:56+00:00,79,158
2026-06-16 07:15:57+00:00,79,158
2026-06-16 07:15:58+00:00,79,158
2026-06-16 07:15:59+00:00,78,156
2026-06-16 07:16:00+00:00,78,156
2026-06-16 07:16:01+00:00,78,156
2026-06-16 07:16:02+00:00,78,156
2026-06-16 07:16:03+00:00,78,156
2026-06-16 07:16:04+00:00,79,158
2026-06-16 07:16:05+00:00,79,158
2026-06-16 07:16:06+00:00,79,158
2026-06-16 07:16:07+00:00,78,156
2026-06-16 07:16:08+00:00,78,156
2026-06-16 07:16:09+00:00,78,156
2026-06-16 07:16:10+00:00,78,156
2026-06-16 07:16:11+00:00,78,156
2026-06-16 07:16:12+00:00,80,160
2026-06-16 07:16:13+00:00,80,160
2026-06-16 07:16:14+00:00,80,160
2026-06-16 07:16:15+00:00,79,158
2026-06-16 07:16:16+00:00,78,156
2026-06-16 07:16:17+00:00,78,156
2026-06-16 07:16:18+00:00,78,156
2026-06-16 07:16:19+00:00,78,156
2026-06-16 07:16:20+00:00,78,156
2026-06-16 07:16:21+00:00,78,156
2026-06-16 07:16:22+00:00,79,158
2026-06-16 07:16:23+00:00,79,158
2026-06-16 07:16:24+00:00,77,154
2026-06-16 07:16:25+00:00,77,154
2026-06-16 07:16:26+00:00,78,156
2026-06-16 07:16:27+00:00,79,158
2026-06-16 07:16:28+00:00,79,158
2026-06-16 07:16:29+00:00,79,158
2026-06-16 07:16:30+00:00,79,158
2026-06-16 07:16:31+00:00,78,156
2026-06-16 07:16:32+00:00,78,156
2026-06-16 07:16:33+00:00,78,156
2026-06-16 07:16:34+00:00,78,156
2026-06-16 07:16:35+00:00,78,156
2026-06-16 07:16:36+00:00,76,152
2026-06-16 07:16:37+00:00,76,152
2026-06-16 07:16:38+00:00,77,154
2026-06-16 07:16:39+00:00,79,158
2026-06-16 07:16:40+00:00,81,162
2026-06-16 07:16:41+00:00,81,162
2026-06-16 07:16:42+00:00,80,160
2026-06-16 07:16:43+00:00,79,158
2026-06-16 07:16:44+00:00,78,156
2026-06-16 07:16:45+00:00,78,156
2026-06-16 07:16:46+00:00,78,156
2026-06-16 07:16:47+00:00,78,156
2026-06-16 07:16:48+00:00,78,156
2026-06-16 07:16:49+00:00,78,156
2026-06-16 07:16:50+00:00,78,156
2026-06-16 07:16:51+00:00,78,156
2026-06-16 07:16:52+00:00,78,156
2026-06-16 07:16:53+00:00,79,158
2026-06-16 07:16:54+00:00,79,158
2026-06-16 07:16:55+00:00,79,158
2026-06-16 07:16:56+00:00,79,158
2026-06-16 07:16:57+00:00,79,158
2026-06-16 07:16:58+00:00,78,156
2026-06-16 07:16:59+00:00,78,156
2026-06-16 07:17:00+00:00,78,156
2026-06-16 07:17:01+00:00,79,158
2026-06-16 07:17:02+00:00,79,158
2026-06-16 07:17:03+00:00,80,160
2026-06-16 07:17:04+00:00,80,160
2026-06-16 07:17:05+00:00,78,156
2026-06-16 07:17:06+00:00,77,154
2026-06-16 07:17:07+00:00,77,154
2026-06-16 07:17:08+00:00,78,156
2026-06-16 07:17:09+00:00,79,158
2026-06-16 07:17:10+00:00,80,160
2026-06-16 07:17:11+00:00,80,160
2026-06-16 07:17:12+00:00,80,160
2026-06-16 07:17:13+00:00,78,156
2026-06-16 07:17:14+00:00,78,156
2026-06-16 07:17:15+00:00,78,156
2026-06-16 07:17:16+00:00,78,156
2026-06-16 07:17:17+00:00,78,156
2026-06-16 07:17:18+00:00,79,158
2026-06-16 07:17:19+00:00,79,158
2026-06-16 07:17:20+00:00,80,160
2026-06-16 07:17:21+00:00,80,160
2026-06-16 07:17:22+00:00,80,160
2026-06-16 07:17:23+00:00,80,160
2026-06-16 07:17:24+00:00,80,160
2026-06-16 07:17:25+00:00,80,160
2026-06-16 07:17:26+00:00,79,158
2026-06-16 07:17:27+00:00,78,156
2026-06-16 07:17:28+00:00,78,156
2026-06-16 07:17:29+00:00,78,156
2026-06-16 07:17:30+00:00,78,156
2026-06-16 07:17:31+00:00,78,156
2026-06-16 07:17:32+00:00,79,158
2026-06-16 07:17:33+00:00,79,158
2026-06-16 07:17:34+00:00,79,158
2026-06-16 07:17:35+00:00,79,158
2026-06-16 07:17:36+00:00,79,158
2026-06-16 07:17:37+00:00,79,158
2026-06-16 07:17:38+00:00,79,158
2026-06-16 07:17:39+00:00,79,158
2026-06-16 07:17:40+00:00,79,158
2026-06-16 07:17:41+00:00,79,158
2026-06-16 07:17:42+00:00,78,156
2026-06-16 07:17:43+00:00,78,156
2026-06-16 07:17:44+00:00,79,158
2026-06-16 07:17:45+00:00,80,160
2026-06-16 07:17:46+00:00,80,160
2026-06-16 07:17:47+00:00,80,160
2026-06-16 07:17:48+00:00,80,160
2026-06-16 07:17:49+00:00,80,160
2026-06-16 07:17:50+00:00,79,158
2026-06-16 07:17:51+00:00,79,158
2026-06-16 07:17:52+00:00,78,156
2026-06-16 07:17:53+00:00,78,156
2026-06-16 07:17:54+00:00,77,154
2026-06-16 07:17:55+00:00,77,154
2026-06-16 07:17:56+00:00,78,156
2026-06-16 07:17:57+00:00,78,156
2026-06-16 07:17:58+00:00,78,156
2026-06-16 07:17:59+00:00,78,156
2026-06-16 07:18:00+00:00,78,156
2026-06-16 07:18:01+00:00,78,156
2026-06-16 07:18:02+00:00,79,158
2026-06-16 07:18:03+00:00,79,158
2026-06-16 07:18:04+00:00,79,158
2026-06-16 07:18:05+00:00,79,158
2026-06-16 07:18:06+00:00,80,160
2026-06-16 07:18:07+00:00,80,160
2026-06-16 07:18:08+00:00,80,160
2026-06-16 07:18:09+00:00,81,162
2026-06-16 07:18:10+00:00,81,162
2026-06-16 07:18:11+00:00,81,162
2026-06-16 07:18:12+00:00,81,162
2026-06-16 07:18:13+00:00,81,162
2026-06-16 07:18:14+00:00,80,160
2026-06-16 07:18:15+00:00,79,158
2026-06-16 07:18:16+00:00,79,158
2026-06-16 07:18:17+00:00,79,158
2026-06-16 07:18:18+00:00,80,160
2026-06-16 07:18:19+00:00,80,160
2026-06-16 07:18:20+00:00,80,160
2026-06-16 07:18:21+00:00,81,162
2026-06-16 07:18:22+00:00,81,162
2026-06-16 07:18:23+00:00,81,162
2026-06-16 07:18:24+00:00,81,162
2026-06-16 07:18:25+00:00,81,162
2026-06-16 07:18:26+00:00,81,162
2026-06-16 07:18:27+00:00,80,160
2026-06-16 07:18:28+00:00,79,158
2026-06-16 07:18:29+00:00,79,158
2026-06-16 07:18:30+00:00,79,158
2026-06-16 07:18:31+00:00,79,158
2026-06-16 07:18:32+00:00,79,158
2026-06-16 07:18:33+00:00,79,158
2026-06-16 07:18:34+00:00,79,158
2026-06-16 07:18:35+00:00,78,156
2026-06-16 07:18:36+00:00,78,156
2026-06-16 07:18:37+00:00,78,156
2026-06-16 07:18:38+00:00,77,154
2026-06-16 07:18:39+00:00,77,154
2026-06-16 07:18:40+00:00,77,154
2026-06-16 07:18:41+00:00,78,156
2026-06-16 07:18:42+00:00,78,156
2026-06-16 07:18:43+00:00,78,156
2026-06-16 07:18:44+00:00,79,158
2026-06-16 07:18:45+00:00,79,158
2026-06-16 07:18:46+00:00,79,158
2026-06-16 07:18:47+00:00,79,158
2026-06-16 07:18:48+00:00,79,158
2026-06-16 07:18:49+00:00,79,158
2026-06-16 07:18:50+00:00,79,158
2026-06-16 07:18:51+00:00,79,158
2026-06-16 07:18:52+00:00,81,162
2026-06-16 07:18:53+00:00,82,164
2026-06-16 07:18:54+00:00,82,164
2026-06-16 07:18:55+00:00,81,162
2026-06-16 07:18:56+00:00,80,160
2026-06-16 07:18:57+00:00,80,160
2026-06-16 07:18:58+00:00,80,160
2026-06-16 07:18:59+00:00,80,160
2026-06-16 07:19:00+00:00,80,160
2026-06-16 07:19:01+00:00,80,160
2026-06-16 07:19:02+00:00,80,160
2026-06-16 07:19:03+00:00,80,160
2026-06-16 07:19:04+00:00,79,158
2026-06-16 07:19:05+00:00,79,158
2026-06-16 07:19:06+00:00,81,162
2026-06-16 07:19:07+00:00,81,162
2026-06-16 07:19:08+00:00,81,162
2026-06-16 07:19:09+00:00,81,162
2026-06-16 07:19:10+00:00,80,160
2026-06-16 07:19:11+00:00,79,158
2026-06-16 07:19:12+00:00,78,156
2026-06-16 07:19:13+00:00,78,156
2026-06-16 07:19:14+00:00,79,158
2026-06-16 07:19:15+00:00,79,158
2026-06-16 07:19:16+00:00,79,158
2026-06-16 07:19:17+00:00,79,158
2026-06-16 07:19:18+00:00,79,158
2026-06-16 07:19:19+00:00,79,158
2026-06-16 07:19:20+00:00,79,158
2026-06-16 07:19:21+00:00,79,158
2026-06-16 07:19:22+00:00,79,158
2026-06-16 07:19:23+00:00,78,156
2026-06-16 07:19:24+00:00,78,156
2026-06-16 07:19:25+00:00,78,156
2026-06-16 07:19:26+00:00,78,156
2026-06-16 07:19:27+00:00,79,158
2026-06-16 07:19:28+00:00,79,158
2026-06-16 07:19:29+00:00,80,160
2026-06-16 07:19:30+00:00,79,158
2026-06-16 07:19:31+00:00,78,156
2026-06-16 07:19:32+00:00,77,154
2026-06-16 07:19:33+00:00,77,154
2026-06-16 07:19:34+00:00,78,156
2026-06-16 07:19:35+00:00,79,158
2026-06-16 07:19:36+00:00,79,158
2026-06-16 07:19:37+00:00,79,158
2026-06-16 07:19:38+00:00,80,160
2026-06-16 07:19:39+00:00,80,160
2026-06-16 07:19:40+00:00,80,160
2026-06-16 07:19:41+00:00,79,158
2026-06-16 07:19:42+00:00,78,156
2026-06-16 07:19:43+00:00,78,156
2026-06-16 07:19:44+00:00,78,156
2026-06-16 07:19:45+00:00,79,158
2026-06-16 07:19:46+00:00,79,158
2026-06-16 07:19:47+00:00,79,158
2026-06-16 07:19:48+00:00,79,158
2026-06-16 07:19:49+00:00,80,160
2026-06-16 07:19:50+00:00,80,160
2026-06-16 07:19:51+00:00,80,160
2026-06-16 07:19:52+00:00,79,158
2026-06-16 07:19:53+00:00,79,158
2026-06-16 07:19:54+00:00,80,160
2026-06-16 07:19:55+00:00,80,160
2026-06-16 07:19:56+00:00,79,158
2026-06-16 07:19:57+00:00,79,158
2026-06-16 07:19:58+00:00,79,158
2026-06-16 07:19:59+00:00,79,158
2026-06-16 07:20:00+00:00,77,154
2026-06-16 07:20:01+00:00,77,154
2026-06-16 07:20:02+00:00,77,154
2026-06-16 07:20:03+00:00,77,154
2026-06-16 07:20:04+00:00,79,158
2026-06-16 07:20:05+00:00,79,158
2026-06-16 07:20:06+00:00,78,156
2026-06-16 07:20:07+00:00,78,156
2026-06-16 07:20:08+00:00,79,158
2026-06-16 07:20:09+00:00,80,160
2026-06-16 07:20:10+00:00,80,160
2026-06-16 07:20:11+00:00,80,160
2026-06-16 07:20:12+00:00,79,158
2026-06-16 07:20:13+00:00,76,152
2026-06-16 07:20:14+00:00,76,152
2026-06-16 07:20:15+00:00,76,152
2026-06-16 07:20:16+00:00,77,154
2026-06-16 07:20:17+00:00,77,154
2026-06-16 07:20:18+00:00,77,154
2026-06-16 07:20:19+00:00,77,154
2026-06-16 07:20:20+00:00,78,156
2026-06-16 07:20:21+00:00,78,156
2026-06-16 07:20:22+00:00,79,158
2026-06-16 07:20:23+00:00,79,158
2026-06-16 07:20:24+00:00,79,158
2026-06-16 07:20:25+00:00,79,158
2026-06-16 07:20:26+00:00,78,156
2026-06-16 07:20:27+00:00,78,156
2026-06-16 07:20:28+00:00,78,156
2026-06-16 07:20:29+00:00,78,156
2026-06-16 07:20:30+00:00,77,154
2026-06-16 07:20:31+00:00,77,154
2026-06-16 07:20:32+00:00,77,154
2026-06-16 07:20:33+00:00,78,156
2026-06-16 07:20:34+00:00,78,156
2026-06-16 07:20:35+00:00,78,156
2026-06-16 07:20:36+00:00,78,156
2026-06-16 07:20:37+00:00,78,156
2026-06-16 07:20:38+00:00,79,158
2026-06-16 07:20:39+00:00,79,158
2026-06-16 07:20:40+00:00,79,158
2026-06-16 07:20:41+00:00,77,154
2026-06-16 07:20:42+00:00,77,154
2026-06-16 07:20:43+00:00,76,152
2026-06-16 07:20:44+00:00,77,154
2026-06-16 07:20:45+00:00,77,154
2026-06-16 07:20:46+00:00,77,154
2026-06-16 07:20:47+00:00,78,156
2026-06-16 07:20:48+00:00,78,156
2026-06-16 07:20:49+00:00,78,156
2026-06-16 07:20:50+00:00,78,156
2026-06-16 07:20:51+00:00,78,156
2026-06-16 07:20:52+00:00,78,156
2026-06-16 07:20:53+00:00,79,158
2026-06-16 07:20:54+00:00,81,162
2026-06-16 07:20:55+00:00,81,162
2026-06-16 07:20:56+00:00,80,160
2026-06-16 07:20:57+00:00,79,158
2026-06-16 07:20:58+00:00,79,158
2026-06-16 07:20:59+00:00,80,160
2026-06-16 07:21:00+00:00,80,160
2026-06-16 07:21:01+00:00,81,162
2026-06-16 07:21:02+00:00,81,162
2026-06-16 07:21:03+00:00,81,162
2026-06-16 07:21:04+00:00,81,162
2026-06-16 07:21:05+00:00,81,162
2026-06-16 07:21:06+00:00,80,160
2026-06-16 07:21:07+00:00,79,158
2026-06-16 07:21:08+00:00,79,158
2026-06-16 07:21:09+00:00,79,158
2026-06-16 07:21:10+00:00,78,156
2026-06-16 07:21:11+00:00,78,156
2026-06-16 07:21:12+00:00,78,156
2026-06-16 07:21:13+00:00,78,156
2026-06-16 07:21:14+00:00,78,156
2026-06-16 07:21:15+00:00,78,156
2026-06-16 07:21:16+00:00,78,156
2026-06-16 07:21:17+00:00,78,156
2026-06-16 07:21:18+00:00,79,158
2026-06-16 07:21:19+00:00,79,158
2026-06-16 07:21:20+00:00,79,158
2026-06-16 07:21:21+00:00,79,158
2026-06-16 07:21:22+00:00,78,156
2026-06-16 07:21:23+00:00,78,156
2026-06-16 07:21:24+00:00,78,156
2026-06-16 07:21:25+00:00,78,156
2026-06-16 07:21:26+00:00,79,158
2026-06-16 07:21:27+00:00,80,160
2026-06-16 07:21:28+00:00,80,160
2026-06-16 07:21:29+00:00,80,160
2026-06-16 07:21:30+00:00,79,158
2026-06-16 07:21:31+00:00,79,158
2026-06-16 07:21:32+00:00,78,156
2026-06-16 07:21:33+00:00,78,156
2026-06-16 07:21:34+00:00,78,156
2026-06-16 07:21:35+00:00,78,156
2026-06-16 07:21:36+00:00,78,156
2026-06-16 07:21:37+00:00,78,156
2026-06-16 07:21:38+00:00,78,156
2026-06-16 07:21:39+00:00,79,158
2026-06-16 07:21:40+00:00,79,158
2026-06-16 07:21:41+00:00,79,158
2026-06-16 07:21:42+00:00,79,158
2026-06-16 07:21:43+00:00,78,156
2026-06-16 07:21:44+00:00,78,156
2026-06-16 07:21:45+00:00,78,156
2026-06-16 07:21:46+00:00,78,156
2026-06-16 07:21:47+00:00,78,156
2026-06-16 07:21:48+00:00,78,156
2026-06-16 07:21:49+00:00,78,156
2026-06-16 07:21:50+00:00,78,156
2026-06-16 07:21:51+00:00,79,158
2026-06-16 07:21:52+00:00,79,158
2026-06-16 07:21:53+00:00,79,158
2026-06-16 07:21:54+00:00,77,154
2026-06-16 07:21:55+00:00,77,154
2026-06-16 07:21:56+00:00,77,154
2026-06-16 07:21:57+00:00,77,154
2026-06-16 07:21:58+00:00,77,154
2026-06-16 07:21:59+00:00,77,154
2026-06-16 07:22:00+00:00,76,152
2026-06-16 07:22:01+00:00,77,154
2026-06-16 07:22:02+00:00,79,158
2026-06-16 07:22:03+00:00,79,158
2026-06-16 07:22:04+00:00,79,158
2026-06-16 07:22:05+00:00,77,154
2026-06-16 07:22:06+00:00,76,152
2026-06-16 07:22:07+00:00,76,152
2026-06-16 07:22:08+00:00,77,154
2026-06-16 07:22:09+00:00,78,156
2026-06-16 07:22:10+00:00,78,156
2026-06-16 07:22:11+00:00,78,156
2026-06-16 07:22:12+00:00,79,158
2026-06-16 07:22:13+00:00,79,158
2026-06-16 07:22:14+00:00,79,158
2026-06-16 07:22:15+00:00,80,160
2026-06-16 07:22:16+00:00,80,160
2026-06-16 07:22:17+00:00,80,160
2026-06-16 07:22:18+00:00,79,158
2026-06-16 07:22:19+00:00,79,158
2026-06-16 07:22:20+00:00,79,158
2026-06-16 07:22:21+00:00,78,156
2026-06-16 07:22:22+00:00,78,156
2026-06-16 07:22:23+00:00,78,156
2026-06-16 07:22:24+00:00,79,158
2026-06-16 07:22:25+00:00,79,158
2026-06-16 07:22:26+00:00,78,156
2026-06-16 07:22:27+00:00,77,154
2026-06-16 07:22:28+00:00,77,154
2026-06-16 07:22:29+00:00,77,154
2026-06-16 07:22:30+00:00,78,156
2026-06-16 07:22:31+00:00,78,156
2026-06-16 07:22:32+00:00,78,156
2026-06-16 07:22:33+00:00,78,156
2026-06-16 07:22:34+00:00,78,156
2026-06-16 07:22:35+00:00,78,156
2026-06-16 07:22:36+00:00,78,156
2026-06-16 07:22:37+00:00,78,156
2026-06-16 07:22:38+00:00,79,158
2026-06-16 07:22:39+00:00,79,158
2026-06-16 07:22:40+00:00,80,160
2026-06-16 07:22:41+00:00,80,160
2026-06-16 07:22:42+00:00,81,162
2026-06-16 07:22:43+00:00,81,162
2026-06-16 07:22:44+00:00,81,162
2026-06-16 07:22:45+00:00,80,160
2026-06-16 07:22:46+00:00,80,160
2026-06-16 07:22:47+00:00,80,160
2026-06-16 07:22:48+00:00,80,160
2026-06-16 07:22:49+00:00,80,160
2026-06-16 07:22:50+00:00,79,158
2026-06-16 07:22:51+00:00,79,158
2026-06-16 07:22:52+00:00,78,156
2026-06-16 07:22:53+00:00,78,156
2026-06-16 07:22:54+00:00,79,158
2026-06-16 07:22:55+00:00,79,158
2026-06-16 07:22:56+00:00,79,158
2026-06-16 07:22:57+00:00,79,158
2026-06-16 07:22:58+00:00,78,156
2026-06-16 07:22:59+00:00,78,156
2026-06-16 07:23:00+00:00,78,156
2026-06-16 07:23:01+00:00,78,156
2026-06-16 07:23:02+00:00,80,160
2026-06-16 07:23:03+00:00,81,162
2026-06-16 07:23:04+00:00,81,162
2026-06-16 07:23:05+00:00,82,164
2026-06-16 07:23:06+00:00,81,162
2026-06-16 07:23:07+00:00,81,162
2026-06-16 07:23:08+00:00,81,162
2026-06-16 07:23:09+00:00,81,162
2026-06-16 07:23:10+00:00,79,158
2026-06-16 07:23:11+00:00,79,158
2026-06-16 07:23:12+00:00,79,158
2026-06-16 07:23:13+00:00,79,158
2026-06-16 07:23:14+00:00,79,158
2026-06-16 07:23:15+00:00,79,158
2026-06-16 07:23:16+00:00,79,158
2026-06-16 07:23:17+00:00,79,158
2026-06-16 07:23:18+00:00,79,158
2026-06-16 07:23:19+00:00,79,158
2026-06-16 07:23:20+00:00,79,158
2026-06-16 07:23:21+00:00,78,156
2026-06-16 07:23:22+00:00,78,156
2026-06-16 07:23:23+00:00,78,156
2026-06-16 07:23:24+00:00,79,158
2026-06-16 07:23:25+00:00,79,158
2026-06-16 07:23:26+00:00,80,160
2026-06-16 07:23:27+00:00,80,160
2026-06-16 07:23:28+00:00,80,160
2026-06-16 07:23:29+00:00,80,160
2026-06-16 07:23:30+00:00,80,160
2026-06-16 07:23:31+00:00,80,160
2026-06-16 07:23:32+00:00,80,160
2026-06-16 07:23:33+00:00,80,160
2026-06-16 07:23:34+00:00,81,162
2026-06-16 07:23:35+00:00,81,162
2026-06-16 07:23:36+00:00,80,160
2026-06-16 07:23:37+00:00,80,160
2026-06-16 07:23:38+00:00,80,160
2026-06-16 07:23:39+00:00,80,160
2026-06-16 07:23:40+00:00,80,160
2026-06-16 07:23:41+00:00,80,160
2026-06-16 07:23:42+00:00,80,160
2026-06-16 07:23:43+00:00,80,160
2026-06-16 07:23:44+00:00,80,160
2026-06-16 07:23:45+00:00,79,158
2026-06-16 07:23:46+00:00,79,158
2026-06-16 07:23:47+00:00,80,160
2026-06-16 07:23:48+00:00,80,160
2026-06-16 07:23:49+00:00,80,160
2026-06-16 07:23:50+00:00,80,160
2026-06-16 07:23:51+00:00,81,162
2026-06-16 07:23:52+00:00,81,162
2026-06-16 07:23:53+00:00,81,162
2026-06-16 07:23:54+00:00,80,160
2026-06-16 07:23:55+00:00,80,160
2026-06-16 07:23:56+00:00,80,160
2026-06-16 07:23:57+00:00,80,160
2026-06-16 07:23:58+00:00,80,160
2026-06-16 07:23:59+00:00,80,160
2026-06-16 07:24:00+00:00,80,160
2026-06-16 07:24:01+00:00,80,160
2026-06-16 07:24:02+00:00,80,160
2026-06-16 07:24:03+00:00,78,156
2026-06-16 07:24:04+00:00,78,156
2026-06-16 07:24:05+00:00,79,158
2026-06-16 07:24:06+00:00,80,160
2026-06-16 07:24:07+00:00,80,160
2026-06-16 07:24:08+00:00,80,160
2026-06-16 07:24:09+00:00,80,160
2026-06-16 07:24:10+00:00,80,160
2026-06-16 07:24:11+00:00,80,160
2026-06-16 07:24:12+00:00,80,160
2026-06-16 07:24:13+00:00,80,160
2026-06-16 07:24:14+00:00,80,160
2026-06-16 07:24:15+00:00,80,160
2026-06-16 07:24:16+00:00,80,160
2026-06-16 07:24:17+00:00,80,160
2026-06-16 07:24:18+00:00,80,160
2026-06-16 07:24:19+00:00,79,158
2026-06-16 07:24:20+00:00,79,158
2026-06-16 07:24:21+00:00,79,158
2026-06-16 07:24:22+00:00,79,158
2026-06-16 07:24:23+00:00,79,158
2026-06-16 07:24:24+00:00,79,158
2026-06-16 07:24:25+00:00,79,158
2026-06-16 07:24:26+00:00,79,158
2026-06-16 07:24:27+00:00,79,158
2026-06-16 07:24:28+00:00,80,160
2026-06-16 07:24:29+00:00,80,160
2026-06-16 07:24:30+00:00,80,160
2026-06-16 07:24:31+00:00,81,162
2026-06-16 07:24:32+00:00,81,162
2026-06-16 07:24:33+00:00,81,162
2026-06-16 07:24:34+00:00,80,160
2026-06-16 07:24:35+00:00,80,160
2026-06-16 07:24:36+00:00,80,160
2026-06-16 07:24:37+00:00,80,160
2026-06-16 07:24:38+00:00,80,160
2026-06-16 07:24:39+00:00,80,160
2026-06-16 07:24:40+00:00,80,160
2026-06-16 07:24:41+00:00,79,158
2026-06-16 07:24:42+00:00,79,158
2026-06-16 07:24:43+00:00,79,158
2026-06-16 07:24:44+00:00,79,158
2026-06-16 07:24:45+00:00,79,158
2026-06-16 07:24:46+00:00,80,160
2026-06-16 07:24:47+00:00,80,160
2026-06-16 07:24:48+00:00,80,160
2026-06-16 07:24:49+00:00,79,158
2026-06-16 07:24:50+00:00,79,158
2026-06-16 07:24:51+00:00,79,158
2026-06-16 07:24:52+00:00,80,160
2026-06-16 07:24:53+00:00,80,160
2026-06-16 07:24:54+00:00,80,160
2026-06-16 07:24:55+00:00,81,162
2026-06-16 07:24:56+00:00,81,162
2026-06-16 07:24:57+00:00,81,162
2026-06-16 07:24:58+00:00,81,162
2026-06-16 07:24:59+00:00,81,162
2026-06-16 07:25:00+00:00,81,162
2026-06-16 07:25:01+00:00,80,160
2026-06-16 07:25:02+00:00,80,160
2026-06-16 07:25:03+00:00,80,160
2026-06-16 07:25:04+00:00,81,162
2026-06-16 07:25:05+00:00,81,162
2026-06-16 07:25:06+00:00,81,162
2026-06-16 07:25:07+00:00,81,162
2026-06-16 07:25:08+00:00,80,160
2026-06-16 07:25:09+00:00,80,160
2026-06-16 07:25:10+00:00,80,160
2026-06-16 07:25:11+00:00,79,158
2026-06-16 07:25:12+00:00,79,158
2026-06-16 07:25:13+00:00,79,158
2026-06-16 07:25:14+00:00,79,158
2026-06-16 07:25:15+00:00,80,160
2026-06-16 07:25:16+00:00,79,158
2026-06-16 07:25:17+00:00,79,158
2026-06-16 07:25:18+00:00,79,158
2026-06-16 07:25:19+00:00,79,158
2026-06-16 07:25:20+00:00,78,156
2026-06-16 07:25:21+00:00,78,156
2026-06-16 07:25:22+00:00,78,156
2026-06-16 07:25:23+00:00,80,160
2026-06-16 07:25:24+00:00,80,160
2026-06-16 07:25:25+00:00,80,160
2026-06-16 07:25:26+00:00,80,160
2026-06-16 07:25:27+00:00,80,160
2026-06-16 07:25:28+00:00,80,160
2026-06-16 07:25:29+00:00,80,160
2026-06-16 07:25:30+00:00,80,160
2026-06-16 07:25:31+00:00,80,160
2026-06-16 07:25:32+00:00,79,158
2026-06-16 07:25:33+00:00,79,158
2026-06-16 07:25:34+00:00,79,158
2026-06-16 07:25:35+00:00,79,158
2026-06-16 07:25:36+00:00,81,162
2026-06-16 07:25:37+00:00,81,162
2026-06-16 07:25:38+00:00,81,162
2026-06-16 07:25:39+00:00,80,160
2026-06-16 07:25:40+00:00,80,160
2026-06-16 07:25:41+00:00,80,160
2026-06-16 07:25:42+00:00,81,162
2026-06-16 07:25:43+00:00,81,162
2026-06-16 07:25:44+00:00,81,162
2026-06-16 07:25:45+00:00,80,160
2026-06-16 07:25:46+00:00,80,160
2026-06-16 07:25:47+00:00,80,160
2026-06-16 07:25:48+00:00,80,160
2026-06-16 07:25:49+00:00,80,160
2026-06-16 07:25:50+00:00,80,160
2026-06-16 07:25:51+00:00,80,160
2026-06-16 07:25:52+00:00,79,158
2026-06-16 07:25:53+00:00,79,158
2026-06-16 07:25:54+00:00,79,158
2026-06-16 07:25:55+00:00,78,156
2026-06-16 07:25:56+00:00,78,156
2026-06-16 07:25:57+00:00,78,156
2026-06-16 07:25:58+00:00,78,156
2026-06-16 07:25:59+00:00,79,158
2026-06-16 07:26:00+00:00,80,160
2026-06-16 07:26:01+00:00,80,160
2026-06-16 07:26:02+00:00,80,160
2026-06-16 07:26:03+00:00,81,162
2026-06-16 07:26:04+00:00,81,162
2026-06-16 07:26:05+00:00,81,162
2026-06-16 07:26:06+00:00,80,160
2026-06-16 07:26:07+00:00,79,158
2026-06-16 07:26:08+00:00,79,158
2026-06-16 07:26:09+00:00,79,158
2026-06-16 07:26:10+00:00,80,160
2026-06-16 07:26:11+00:00,80,160
2026-06-16 07:26:12+00:00,80,160
2026-06-16 07:26:13+00:00,80,160
2026-06-16 07:26:14+00:00,80,160
2026-06-16 07:26:15+00:00,80,160
2026-06-16 07:26:16+00:00,80,160
2026-06-16 07:26:17+00:00,80,160
2026-06-16 07:26:18+00:00,80,160
2026-06-16 07:26:19+00:00,80,160
2026-06-16 07:26:20+00:00,81,162
2026-06-16 07:26:21+00:00,81,162
2026-06-16 07:26:22+00:00,81,162
2026-06-16 07:26:23+00:00,81,162
2026-06-16 07:26:24+00:00,81,162
2026-06-16 07:26:25+00:00,81,162
2026-06-16 07:26:26+00:00,81,162
2026-06-16 07:26:27+00:00,80,160
2026-06-16 07:26:28+00:00,81,162
2026-06-16 07:26:29+00:00,81,162
2026-06-16 07:26:30+00:00,81,162
2026-06-16 07:26:31+00:00,81,162
2026-06-16 07:26:32+00:00,81,162
2026-06-16 07:26:33+00:00,81,162
2026-06-16 07:26:34+00:00,81,162
2026-06-16 07:26:35+00:00,81,162
2026-06-16 07:26:36+00:00,81,162
2026-06-16 07:26:37+00:00,81,162
2026-06-16 07:26:38+00:00,80,160
2026-06-16 07:26:39+00:00,80,160
2026-06-16 07:26:40+00:00,80,160
2026-06-16 07:26:41+00:00,80,160
2026-06-16 07:26:42+00:00,80,160
2026-06-16 07:26:43+00:00,81,162
2026-06-16 07:26:44+00:00,81,162
2026-06-16 07:26:45+00:00,80,160
2026-06-16 07:26:46+00:00,80,160
2026-06-16 07:26:47+00:00,80,160
2026-06-16 07:26:48+00:00,80,160
2026-06-16 07:26:49+00:00,80,160
2026-06-16 07:26:50+00:00,82,164
2026-06-16 07:26:51+00:00,82,164
2026-06-16 07:26:52+00:00,82,164
2026-06-16 07:26:53+00:00,81,162
2026-06-16 07:26:54+00:00,81,162
2026-06-16 07:26:55+00:00,80,160
2026-06-16 07:26:56+00:00,80,160
2026-06-16 07:26:57+00:00,81,162
2026-06-16 07:26:58+00:00,81,162
2026-06-16 07:26:59+00:00,81,162
2026-06-16 07:27:00+00:00,81,162
2026-06-16 07:27:01+00:00,80,160
2026-06-16 07:27:02+00:00,80,160
2026-06-16 07:27:03+00:00,80,160
2026-06-16 07:27:04+00:00,80,160
2026-06-16 07:27:05+00:00,80,160
2026-06-16 07:27:06+00:00,80,160
2026-06-16 07:27:07+00:00,81,162
2026-06-16 07:27:08+00:00,81,162
2026-06-16 07:27:09+00:00,81,162
2026-06-16 07:27:10+00:00,81,162
2026-06-16 07:27:11+00:00,81,162
2026-06-16 07:27:12+00:00,81,162
2026-06-16 07:27:13+00:00,80,160
2026-06-16 07:27:14+00:00,80,160
2026-06-16 07:27:15+00:00,80,160
2026-06-16 07:27:16+00:00,80,160
2026-06-16 07:27:17+00:00,80,160
2026-06-16 07:27:18+00:00,80,160
2026-06-16 07:27:19+00:00,80,160
2026-06-16 07:27:20+00:00,79,158
2026-06-16 07:27:21+00:00,79,158
2026-06-16 07:27:22+00:00,79,158
2026-06-16 07:27:23+00:00,80,160
2026-06-16 07:27:24+00:00,80,160
2026-06-16 07:27:25+00:00,80,160
2026-06-16 07:27:26+00:00,79,158
2026-06-16 07:27:27+00:00,78,156
2026-06-16 07:27:28+00:00,78,156
2026-06-16 07:27:29+00:00,78,156
2026-06-16 07:27:30+00:00,78,156
2026-06-16 07:27:31+00:00,79,158
2026-06-16 07:27:32+00:00,78,156
2026-06-16 07:27:33+00:00,78,156
2026-06-16 07:27:34+00:00,78,156
2026-06-16 07:27:35+00:00,78,156
2026-06-16 07:27:36+00:00,78,156
2026-06-16 07:27:37+00:00,79,158
2026-06-16 07:27:38+00:00,81,162
2026-06-16 07:27:39+00:00,81,162
2026-06-16 07:27:40+00:00,81,162
2026-06-16 07:27:41+00:00,81,162
2026-06-16 07:27:42+00:00,80,160
2026-06-16 07:27:43+00:00,79,158
2026-06-16 07:27:44+00:00,79,158
2026-06-16 07:27:45+00:00,80,160
2026-06-16 07:27:46+00:00,80,160
2026-06-16 07:27:47+00:00,80,160
2026-06-16 07:27:48+00:00,80,160
2026-06-16 07:27:49+00:00,80,160
2026-06-16 07:27:50+00:00,79,158
2026-06-16 07:27:51+00:00,79,158
2026-06-16 07:27:52+00:00,78,156
2026-06-16 07:27:53+00:00,78,156
2026-06-16 07:27:54+00:00,78,156
2026-06-16 07:27:55+00:00,79,158
2026-06-16 07:27:56+00:00,80,160
2026-06-16 07:27:57+00:00,80,160
2026-06-16 07:27:58+00:00,80,160
2026-06-16 07:27:59+00:00,80,160
2026-06-16 07:28:00+00:00,79,158
2026-06-16 07:28:01+00:00,79,158
2026-06-16 07:28:02+00:00,77,154
2026-06-16 07:28:03+00:00,77,154
2026-06-16 07:28:04+00:00,78,156
2026-06-16 07:28:05+00:00,80,160
2026-06-16 07:28:06+00:00,80,160
2026-06-16 07:28:07+00:00,80,160
2026-06-16 07:28:08+00:00,80,160
2026-06-16 07:28:09+00:00,80,160
2026-06-16 07:28:10+00:00,80,160
2026-06-16 07:28:11+00:00,80,160
2026-06-16 07:28:12+00:00,80,160
2026-06-16 07:28:13+00:00,80,160
2026-06-16 07:28:14+00:00,80,160
2026-06-16 07:28:15+00:00,80,160
2026-06-16 07:28:16+00:00,79,158
2026-06-16 07:28:17+00:00,79,158
2026-06-16 07:28:18+00:00,80,160
2026-06-16 07:28:19+00:00,81,162
2026-06-16 07:28:20+00:00,81,162
2026-06-16 07:28:21+00:00,81,162
2026-06-16 07:28:22+00:00,81,162
2026-06-16 07:28:23+00:00,80,160
2026-06-16 07:28:24+00:00,80,160
2026-06-16 07:28:25+00:00,80,160
2026-06-16 07:28:26+00:00,80,160
2026-06-16 07:28:27+00:00,81,162
2026-06-16 07:28:28+00:00,81,162
2026-06-16 07:28:29+00:00,82,164
2026-06-16 07:28:30+00:00,82,164
2026-06-16 07:28:31+00:00,83,166
2026-06-16 07:28:32+00:00,83,166
2026-06-16 07:28:33+00:00,82,164
2026-06-16 07:28:34+00:00,82,164
2026-06-16 07:28:35+00:00,81,162
2026-06-16 07:28:36+00:00,81,162
2026-06-16 07:28:37+00:00,80,160
2026-06-16 07:28:38+00:00,80,160
2026-06-16 07:28:39+00:00,80,160
2026-06-16 07:28:40+00:00,79,158
2026-06-16 07:28:41+00:00,78,156
2026-06-16 07:28:42+00:00,78,156
2026-06-16 07:28:43+00:00,79,158
2026-06-16 07:28:44+00:00,79,158
2026-06-16 07:28:45+00:00,79,158
2026-06-16 07:28:46+00:00,79,158
2026-06-16 07:28:47+00:00,79,158
2026-06-16 07:28:48+00:00,79,158
2026-06-16 07:28:49+00:00,79,158
2026-06-16 07:28:50+00:00,79,158
2026-06-16 07:28:51+00:00,79,158
2026-06-16 07:28:52+00:00,78,156
2026-06-16 07:28:53+00:00,78,156
2026-06-16 07:28:54+00:00,77,154
2026-06-16 07:28:55+00:00,77,154
2026-06-16 07:28:56+00:00,77,154
2026-06-16 07:28:57+00:00,78,156
2026-06-16 07:28:58+00:00,78,156
2026-06-16 07:28:59+00:00,78,156
2026-06-16 07:29:00+00:00,78,156
2026-06-16 07:29:01+00:00,77,154
2026-06-16 07:29:02+00:00,77,154
2026-06-16 07:29:03+00:00,77,154
2026-06-16 07:29:04+00:00,77,154
2026-06-16 07:29:05+00:00,77,154
2026-06-16 07:29:06+00:00,78,156
2026-06-16 07:29:07+00:00,78,156
2026-06-16 07:29:08+00:00,78,156
2026-06-16 07:29:09+00:00,78,156
2026-06-16 07:29:10+00:00,78,156
2026-06-16 07:29:11+00:00,78,156
2026-06-16 07:29:12+00:00,78,156
2026-06-16 07:29:13+00:00,78,156
2026-06-16 07:29:14+00:00,79,158
2026-06-16 07:29:15+00:00,80,160
2026-06-16 07:29:16+00:00,80,160
2026-06-16 07:29:17+00:00,81,162
2026-06-16 07:29:18+00:00,81,162
2026-06-16 07:29:19+00:00,81,162
2026-06-16 07:29:20+00:00,80,160
2026-06-16 07:29:21+00:00,77,154
2026-06-16 07:29:22+00:00,77,154
2026-06-16 07:29:23+00:00,77,154
2026-06-16 07:29:24+00:00,77,154
2026-06-16 07:29:25+00:00,78,156
2026-06-16 07:29:26+00:00,78,156
2026-06-16 07:29:27+00:00,78,156
2026-06-16 07:29:28+00:00,78,156
2026-06-16 07:29:29+00:00,78,156
2026-06-16 07:29:30+00:00,78,156
2026-06-16 07:29:31+00:00,78,156
2026-06-16 07:29:32+00:00,78,156
2026-06-16 07:29:33+00:00,78,156
2026-06-16 07:29:34+00:00,78,156
2026-06-16 07:29:35+00:00,78,156
2026-06-16 07:29:36+00:00,79,158
2026-06-16 07:29:37+00:00,79,158
2026-06-16 07:29:38+00:00,77,154
2026-06-16 07:29:39+00:00,77,154
2026-06-16 07:29:40+00:00,77,154
2026-06-16 07:29:41+00:00,77,154
2026-06-16 07:29:42+00:00,78,156
2026-06-16 07:29:43+00:00,77,154
2026-06-16 07:29:44+00:00,77,154
2026-06-16 07:29:45+00:00,77,154
2026-06-16 07:29:46+00:00,79,158
2026-06-16 07:29:47+00:00,79,158
2026-06-16 07:29:48+00:00,79,158
2026-06-16 07:29:49+00:00,78,156
2026-06-16 07:29:50+00:00,78,156
2026-06-16 07:29:51+00:00,78,156
2026-06-16 07:29:52+00:00,78,156
2026-06-16 07:29:53+00:00,78,156
2026-06-16 07:29:54+00:00,77,154
2026-06-16 07:29:55+00:00,77,154
2026-06-16 07:29:56+00:00,77,154
2026-06-16 07:29:57+00:00,77,154
2026-06-16 07:29:58+00:00,77,154
2026-06-16 07:29:59+00:00,77,154
2026-06-16 07:30:00+00:00,77,154
2026-06-16 07:30:01+00:00,77,154
2026-06-16 07:30:02+00:00,78,156
2026-06-16 07:30:03+00:00,78,156
2026-06-16 07:30:04+00:00,77,154
2026-06-16 07:30:05+00:00,76,152
2026-06-16 07:30:06+00:00,76,152
2026-06-16 07:30:07+00:00,76,152
2026-06-16 07:30:08+00:00,76,152
2026-06-16 07:30:09+00:00,76,152
2026-06-16 07:30:10+00:00,76,152
2026-06-16 07:30:11+00:00,76,152
2026-06-16 07:30:12+00:00,76,152
2026-06-16 07:30:13+00:00,76,152
2026-06-16 07:30:14+00:00,59,118
2026-06-16 07:30:15+00:00,59,118
2026-06-16 07:30:16+00:00,59,118
2026-06-16 07:30:17+00:00,0,0
2026-06-16 07:30:18+00:00,0,0
2026-06-16 07:30:19+00:00,0,0
2026-06-16 07:30:20+00:00,72,144
2026-06-16 07:30:21+00:00,75,150
2026-06-16 07:30:22+00:00,76,152
2026-06-16 07:30:23+00:00,76,152
2026-06-16 07:30:24+00:00,76,152
2026-06-16 07:30:25+00:00,77,154
2026-06-16 07:30:26+00:00,79,158
2026-06-16 07:30:27+00:00,79,158
2026-06-16 07:30:28+00:00,79,158
2026-06-16 07:30:29+00:00,79,158
2026-06-16 07:30:30+00:00,79,158
2026-06-16 07:30:31+00:00,80,160
2026-06-16 07:30:32+00:00,80,160
2026-06-16 07:30:33+00:00,80,160
2026-06-16 07:30:34+00:00,81,162
2026-06-16 07:30:35+00:00,81,162
2026-06-16 07:30:36+00:00,80,160
2026-06-16 07:30:37+00:00,80,160
2026-06-16 07:30:38+00:00,80,160
2026-06-16 07:30:39+00:00,80,160
2026-06-16 07:30:40+00:00,80,160
2026-06-16 07:30:41+00:00,81,162
2026-06-16 07:30:42+00:00,81,162
2026-06-16 07:30:43+00:00,81,162
2026-06-16 07:30:44+00:00,80,160
2026-06-16 07:30:45+00:00,80,160
2026-06-16 07:30:46+00:00,80,160
2026-06-16 07:30:47+00:00,79,158
2026-06-16 07:30:48+00:00,79,158
2026-06-16 07:30:49+00:00,79,158
2026-06-16 07:30:50+00:00,79,158
2026-06-16 07:30:51+00:00,79,158
2026-06-16 07:30:52+00:00,79,158
2026-06-16 07:30:53+00:00,79,158
2026-06-16 07:30:54+00:00,79,158
2026-06-16 07:30:55+00:00,79,158
2026-06-16 07:30:56+00:00,78,156
2026-06-16 07:30:57+00:00,77,154
2026-06-16 07:30:58+00:00,77,154
2026-06-16 07:30:59+00:00,77,154
2026-06-16 07:31:00+00:00,78,156
2026-06-16 07:31:01+00:00,78,156
2026-06-16 07:31:02+00:00,79,158
2026-06-16 07:31:03+00:00,79,158
2026-06-16 07:31:04+00:00,79,158
2026-06-16 07:31:05+00:00,79,158
2026-06-16 07:31:06+00:00,78,156
2026-06-16 07:31:07+00:00,78,156
2026-06-16 07:31:08+00:00,78,156
2026-06-16 07:31:09+00:00,78,156
2026-06-16 07:31:10+00:00,78,156
2026-06-16 07:31:11+00:00,78,156
2026-06-16 07:31:12+00:00,78,156
2026-06-16 07:31:13+00:00,79,158
2026-06-16 07:31:14+00:00,80,160
2026-06-16 07:31:15+00:00,81,162
2026-06-16 07:31:16+00:00,81,162
2026-06-16 07:31:17+00:00,81,162
2026-06-16 07:31:18+00:00,80,160
2026-06-16 07:31:19+00:00,80,160
2026-06-16 07:31:20+00:00,80,160
2026-06-16 07:31:21+00:00,79,158
2026-06-16 07:31:22+00:00,76,152
2026-06-16 07:31:23+00:00,76,152
2026-06-16 07:31:24+00:00,77,154
2026-06-16 07:31:25+00:00,77,154
2026-06-16 07:31:26+00:00,78,156
2026-06-16 07:31:27+00:00,78,156
2026-06-16 07:31:28+00:00,78,156
2026-06-16 07:31:29+00:00,77,154
2026-06-16 07:31:30+00:00,77,154
2026-06-16 07:31:31+00:00,77,154
2026-06-16 07:31:32+00:00,77,154
2026-06-16 07:31:33+00:00,77,154
2026-06-16 07:31:34+00:00,79,158
2026-06-16 07:31:35+00:00,79,158
2026-06-16 07:31:36+00:00,78,156
2026-06-16 07:31:37+00:00,78,156
2026-06-16 07:31:38+00:00,79,158
2026-06-16 07:31:39+00:00,79,158
2026-06-16 07:31:40+00:00,79,158
2026-06-16 07:31:41+00:00,80,160
2026-06-16 07:31:42+00:00,80,160
2026-06-16 07:31:43+00:00,79,158
2026-06-16 07:31:44+00:00,79,158
2026-06-16 07:31:45+00:00,79,158
2026-06-16 07:31:46+00:00,80,160
2026-06-16 07:31:47+00:00,80,160
2026-06-16 07:31:48+00:00,80,160
2026-06-16 07:31:49+00:00,79,158
2026-06-16 07:31:50+00:00,78,156
2026-06-16 07:31:51+00:00,77,154
2026-06-16 07:31:52+00:00,77,154
2026-06-16 07:31:53+00:00,78,156
2026-06-16 07:31:54+00:00,78,156
2026-06-16 07:31:55+00:00,78,156
2026-06-16 07:31:56+00:00,78,156
2026-06-16 07:31:57+00:00,78,156
2026-06-16 07:31:58+00:00,79,158
2026-06-16 07:31:59+00:00,79,158
2026-06-16 07:32:00+00:00,79,158
2026-06-16 07:32:01+00:00,80,160
2026-06-16 07:32:02+00:00,80,160
2026-06-16 07:32:03+00:00,80,160
2026-06-16 07:32:04+00:00,81,162
2026-06-16 07:32:05+00:00,81,162
2026-06-16 07:32:06+00:00,80,160
2026-06-16 07:32:07+00:00,80,160
2026-06-16 07:32:08+00:00,80,160
2026-06-16 07:32:09+00:00,80,160
2026-06-16 07:32:10+00:00,80,160
2026-06-16 07:32:11+00:00,80,160
2026-06-16 07:32:12+00:00,80,160
2026-06-16 07:32:13+00:00,79,158
2026-06-16 07:32:14+00:00,79,158
2026-06-16 07:32:15+00:00,79,158
2026-06-16 07:32:16+00:00,79,158
2026-06-16 07:32:17+00:00,79,158
2026-06-16 07:32:18+00:00,79,158
2026-06-16 07:32:19+00:00,80,160
2026-06-16 07:32:20+00:00,79,158
2026-06-16 07:32:21+00:00,80,160
2026-06-16 07:32:22+00:00,79,158
2026-06-16 07:32:23+00:00,80,160
2026-06-16 07:32:24+00:00,80,160
2026-06-16 07:32:25+00:00,80,160
2026-06-16 07:32:26+00:00,80,160
2026-06-16 07:32:27+00:00,79,158
2026-06-16 07:32:28+00:00,79,158
2026-06-16 07:32:29+00:00,79,158
2026-06-16 07:32:30+00:00,78,156
2026-06-16 07:32:31+00:00,78,156
2026-06-16 07:32:32+00:00,78,156
2026-06-16 07:32:33+00:00,79,158
2026-06-16 07:32:34+00:00,79,158
2026-06-16 07:32:35+00:00,78,156
2026-06-16 07:32:36+00:00,77,154
2026-06-16 07:32:37+00:00,77,154
2026-06-16 07:32:38+00:00,76,152
2026-06-16 07:32:39+00:00,76,152
2026-06-16 07:32:40+00:00,77,154
2026-06-16 07:32:41+00:00,78,156
2026-06-16 07:32:42+00:00,78,156
2026-06-16 07:32:43+00:00,79,158
2026-06-16 07:32:44+00:00,79,158
2026-06-16 07:32:45+00:00,79,158
2026-06-16 07:32:46+00:00,79,158
2026-06-16 07:32:47+00:00,80,160
2026-06-16 07:32:48+00:00,81,162
2026-06-16 07:32:49+00:00,82,164
2026-06-16 07:32:50+00:00,82,164
2026-06-16 07:32:51+00:00,82,164
2026-06-16 07:32:52+00:00,82,164
2026-06-16 07:32:53+00:00,81,162
2026-06-16 07:32:54+00:00,81,162
2026-06-16 07:32:55+00:00,80,160
2026-06-16 07:32:56+00:00,79,158
2026-06-16 07:32:57+00:00,79,158
2026-06-16 07:32:58+00:00,80,160
2026-06-16 07:32:59+00:00,80,160
2026-06-16 07:33:00+00:00,81,162
2026-06-16 07:33:01+00:00,81,162
2026-06-16 07:33:02+00:00,81,162
2026-06-16 07:33:03+00:00,81,162
2026-06-16 07:33:04+00:00,80,160
2026-06-16 07:33:05+00:00,80,160
2026-06-16 07:33:06+00:00,80,160
2026-06-16 07:33:07+00:00,80,160
2026-06-16 07:35:02+00:00,0,0
2026-06-16 07:35:03+00:00,0,0
2026-06-16 07:35:04+00:00,0,0
2026-06-16 07:35:05+00:00,71,142
2026-06-16 07:35:06+00:00,71,142
2026-06-16 07:35:07+00:00,71,142
2026-06-16 07:35:08+00:00,87,174
2026-06-16 07:35:09+00:00,88,176
2026-06-16 07:35:10+00:00,88,176
2026-06-16 07:35:11+00:00,89,178
2026-06-16 07:35:12+00:00,89,178
2026-06-16 07:35:13+00:00,89,178
2026-06-16 07:35:14+00:00,89,178
2026-06-16 07:35:15+00:00,89,178
2026-06-16 07:35:16+00:00,87,174
2026-06-16 07:35:17+00:00,87,174
2026-06-16 07:35:18+00:00,85,170
2026-06-16 07:35:19+00:00,84,168
2026-06-16 07:35:20+00:00,84,168
2026-06-16 07:35:21+00:00,83,166
2026-06-16 07:35:22+00:00,82,164
2026-06-16 07:35:23+00:00,82,164
2026-06-16 07:35:24+00:00,82,164
2026-06-16 07:35:25+00:00,82,164
2026-06-16 07:35:26+00:00,82,164
2026-06-16 07:35:27+00:00,82,164
2026-06-16 07:35:28+00:00,81,162
2026-06-16 07:35:29+00:00,81,162
2026-06-16 07:35:30+00:00,81,162
2026-06-16 07:35:31+00:00,80,160
2026-06-16 07:35:32+00:00,80,160
2026-06-16 07:35:33+00:00,80,160
2026-06-16 07:35:34+00:00,80,160
2026-06-16 07:35:35+00:00,80,160
2026-06-16 07:35:36+00:00,80,160
2026-06-16 07:35:37+00:00,79,158
2026-06-16 07:35:38+00:00,79,158
2026-06-16 07:35:39+00:00,79,158
2026-06-16 07:35:40+00:00,79,158
2026-06-16 07:35:41+00:00,79,158
2026-06-16 07:35:42+00:00,79,158
2026-06-16 07:35:43+00:00,79,158
2026-06-16 07:35:44+00:00,79,158
2026-06-16 07:35:45+00:00,80,160
2026-06-16 07:35:46+00:00,80,160
2026-06-16 07:35:47+00:00,80,160
2026-06-16 07:35:48+00:00,80,160
2026-06-16 07:35:49+00:00,80,160
2026-06-16 07:35:50+00:00,80,160
2026-06-16 07:35:51+00:00,80,160
2026-06-16 07:35:52+00:00,81,162
2026-06-16 07:35:53+00:00,80,160
2026-06-16 07:35:54+00:00,80,160
2026-06-16 07:35:55+00:00,80,160
2026-06-16 07:35:56+00:00,81,162
2026-06-16 07:35:57+00:00,81,162
2026-06-16 07:35:58+00:00,81,162
2026-06-16 07:35:59+00:00,81,162
2026-06-16 07:36:00+00:00,82,164
2026-06-16 07:36:01+00:00,82,164
2026-06-16 07:36:02+00:00,81,162
2026-06-16 07:36:03+00:00,81,162
2026-06-16 07:36:04+00:00,82,164
2026-06-16 07:36:05+00:00,82,164
2026-06-16 07:36:06+00:00,82,164
2026-06-16 07:36:07+00:00,83,166
2026-06-16 07:36:08+00:00,83,166
2026-06-16 07:36:09+00:00,83,166
2026-06-16 07:36:10+00:00,83,166
2026-06-16 07:36:11+00:00,83,166
2026-06-16 07:36:12+00:00,82,164
2026-06-16 07:36:13+00:00,81,162
2026-06-16 07:36:14+00:00,81,162
2026-06-16 07:36:15+00:00,81,162
2026-06-16 07:36:16+00:00,81,162
2026-06-16 07:36:17+00:00,81,162
2026-06-16 07:36:18+00:00,83,166
2026-06-16 07:36:19+00:00,83,166
2026-06-16 07:36:20+00:00,84,168
2026-06-16 07:36:21+00:00,84,168
2026-06-16 07:36:22+00:00,85,170
2026-06-16 07:36:23+00:00,86,172
2026-06-16 07:36:24+00:00,86,172
2026-06-16 07:36:25+00:00,86,172
2026-06-16 07:36:26+00:00,86,172
2026-06-16 07:36:27+00:00,86,172
2026-06-16 07:36:28+00:00,86,172
2026-06-16 07:36:29+00:00,86,172
2026-06-16 07:36:30+00:00,86,172
2026-06-16 07:36:31+00:00,86,172
2026-06-16 07:36:32+00:00,85,170
2026-06-16 07:36:33+00:00,84,168
2026-06-16 07:36:34+00:00,84,168
2026-06-16 07:36:35+00:00,84,168
2026-06-16 07:36:36+00:00,84,168
2026-06-16 07:36:37+00:00,84,168
2026-06-16 07:36:38+00:00,84,168
2026-06-16 07:36:39+00:00,84,168
2026-06-16 07:36:40+00:00,84,168
2026-06-16 07:36:41+00:00,84,168
2026-06-16 07:36:42+00:00,84,168
2026-06-16 07:36:43+00:00,84,168
2026-06-16 07:36:44+00:00,84,168
2026-06-16 07:36:45+00:00,84,168
2026-06-16 07:36:46+00:00,84,168
2026-06-16 07:36:47+00:00,84,168
2026-06-16 07:36:48+00:00,83,166
2026-06-16 07:36:49+00:00,82,164
2026-06-16 07:36:50+00:00,81,162
2026-06-16 07:36:51+00:00,80,160
2026-06-16 07:36:52+00:00,80,160
2026-06-16 07:36:53+00:00,81,162
2026-06-16 07:36:54+00:00,81,162
2026-06-16 07:36:55+00:00,82,164
2026-06-16 07:36:56+00:00,84,168
2026-06-16 07:36:57+00:00,84,168
2026-06-16 07:36:58+00:00,84,168
2026-06-16 07:36:59+00:00,85,170
2026-06-16 07:37:00+00:00,85,170
2026-06-16 07:37:01+00:00,84,168
2026-06-16 07:37:02+00:00,84,168
2026-06-16 07:37:03+00:00,84,168
2026-06-16 07:37:04+00:00,84,168
2026-06-16 07:37:05+00:00,84,168
2026-06-16 07:37:06+00:00,84,168
2026-06-16 07:37:07+00:00,84,168
2026-06-16 07:37:08+00:00,85,170
2026-06-16 07:37:09+00:00,85,170
2026-06-16 07:37:10+00:00,86,172
2026-06-16 07:37:11+00:00,86,172
2026-06-16 07:37:12+00:00,86,172
2026-06-16 07:37:13+00:00,85,170
2026-06-16 07:37:14+00:00,85,170
2026-06-16 07:37:15+00:00,84,168
2026-06-16 07:37:16+00:00,84,168
2026-06-16 07:37:17+00:00,84,168
2026-06-16 07:37:18+00:00,84,168
2026-06-16 07:37:19+00:00,84,168
2026-06-16 07:37:20+00:00,84,168
2026-06-16 07:37:21+00:00,84,168
2026-06-16 07:37:22+00:00,84,168
2026-06-16 07:37:23+00:00,84,168
2026-06-16 07:37:24+00:00,84,168
2026-06-16 07:37:25+00:00,84,168
2026-06-16 07:37:26+00:00,85,170
2026-06-16 07:37:27+00:00,85,170
2026-06-16 07:37:28+00:00,85,170
2026-06-16 07:37:29+00:00,85,170
2026-06-16 07:37:30+00:00,85,170
2026-06-16 07:37:31+00:00,85,170
2026-06-16 07:37:32+00:00,84,168
2026-06-16 07:37:33+00:00,84,168
2026-06-16 07:37:34+00:00,84,168
2026-06-16 07:37:35+00:00,84,168
2026-06-16 07:37:36+00:00,84,168
2026-06-16 07:37:37+00:00,83,166
2026-06-16 07:37:38+00:00,83,166
2026-06-16 07:37:39+00:00,82,164
2026-06-16 07:37:40+00:00,82,164
2026-06-16 07:37:41+00:00,83,166
2026-06-16 07:37:42+00:00,83,166
2026-06-16 07:37:43+00:00,83,166
2026-06-16 07:37:44+00:00,81,162
2026-06-16 07:37:45+00:00,81,162
2026-06-16 07:37:46+00:00,81,162
2026-06-16 07:37:47+00:00,81,162
2026-06-16 07:37:48+00:00,80,160
2026-06-16 07:37:49+00:00,80,160
2026-06-16 07:37:50+00:00,80,160
2026-06-16 07:37:51+00:00,81,162
2026-06-16 07:37:52+00:00,82,164
2026-06-16 07:37:53+00:00,82,164
2026-06-16 07:37:54+00:00,82,164
2026-06-16 07:37:55+00:00,82,164
2026-06-16 07:37:56+00:00,82,164
2026-06-16 07:37:57+00:00,82,164
2026-06-16 07:37:58+00:00,81,162
2026-06-16 07:37:59+00:00,81,162
2026-06-16 07:38:00+00:00,82,164
2026-06-16 07:38:01+00:00,83,166
2026-06-16 07:38:02+00:00,83,166
2026-06-16 07:38:03+00:00,83,166
2026-06-16 07:38:04+00:00,83,166
2026-06-16 07:38:05+00:00,83,166
2026-06-16 07:38:06+00:00,84,168
2026-06-16 07:38:07+00:00,84,168
2026-06-16 07:38:08+00:00,84,168
2026-06-16 07:38:09+00:00,84,168
2026-06-16 07:38:10+00:00,84,168
2026-06-16 07:38:11+00:00,84,168
2026-06-16 07:38:12+00:00,84,168
2026-06-16 07:38:13+00:00,84,168
2026-06-16 07:38:14+00:00,84,168
2026-06-16 07:38:15+00:00,84,168
2026-06-16 07:38:16+00:00,85,170
2026-06-16 07:38:17+00:00,85,170
2026-06-16 07:38:18+00:00,84,168
2026-06-16 07:38:19+00:00,83,166
2026-06-16 07:38:20+00:00,83,166
2026-06-16 07:38:21+00:00,84,168
2026-06-16 07:38:22+00:00,84,168
2026-06-16 07:38:23+00:00,84,168
2026-06-16 07:38:24+00:00,84,168
2026-06-16 07:38:25+00:00,83,166
2026-06-16 07:38:26+00:00,83,166
2026-06-16 07:38:27+00:00,81,162
2026-06-16 07:38:28+00:00,81,162
2026-06-16 07:38:29+00:00,81,162
2026-06-16 07:38:30+00:00,81,162
2026-06-16 07:38:31+00:00,83,166
2026-06-16 07:38:32+00:00,83,166
2026-06-16 07:38:33+00:00,83,166
2026-06-16 07:38:34+00:00,82,164
2026-06-16 07:38:35+00:00,82,164
2026-06-16 07:38:36+00:00,82,164
2026-06-16 07:38:37+00:00,82,164
2026-06-16 07:38:38+00:00,83,166
2026-06-16 07:38:39+00:00,83,166
2026-06-16 07:38:40+00:00,83,166
2026-06-16 07:38:41+00:00,83,166
2026-06-16 07:38:42+00:00,83,166
2026-06-16 07:38:43+00:00,85,170
2026-06-16 07:38:44+00:00,86,172
2026-06-16 07:38:45+00:00,86,172
2026-06-16 07:38:46+00:00,86,172
2026-06-16 07:38:47+00:00,85,170
2026-06-16 07:38:48+00:00,85,170
2026-06-16 07:38:49+00:00,85,170
2026-06-16 07:38:50+00:00,85,170
2026-06-16 07:38:51+00:00,86,172
2026-06-16 07:38:52+00:00,86,172
2026-06-16 07:38:53+00:00,86,172
2026-06-16 07:38:54+00:00,86,172
2026-06-16 07:38:55+00:00,86,172
2026-06-16 07:38:56+00:00,86,172
2026-06-16 07:38:57+00:00,86,172
2026-06-16 07:38:58+00:00,87,174
2026-06-16 07:38:59+00:00,87,174
2026-06-16 07:39:00+00:00,87,174
2026-06-16 07:39:01+00:00,87,174
2026-06-16 07:39:02+00:00,87,174
2026-06-16 07:39:03+00:00,87,174
2026-06-16 07:39:04+00:00,87,174
2026-06-16 07:39:05+00:00,87,174
2026-06-16 07:39:06+00:00,87,174
2026-06-16 07:39:07+00:00,86,172
2026-06-16 07:39:08+00:00,86,172
2026-06-16 07:39:09+00:00,87,174
2026-06-16 07:39:10+00:00,87,174
2026-06-16 07:39:11+00:00,87,174
2026-06-16 07:39:12+00:00,87,174
2026-06-16 07:39:13+00:00,87,174
2026-06-16 07:39:14+00:00,86,172
2026-06-16 07:39:15+00:00,85,170
2026-06-16 07:39:16+00:00,85,170
2026-06-16 07:39:17+00:00,85,170
2026-06-16 07:39:18+00:00,85,170
2026-06-16 07:39:19+00:00,85,170
2026-06-16 07:39:20+00:00,85,170
2026-06-16 07:39:21+00:00,85,170
2026-06-16 07:39:22+00:00,85,170
2026-06-16 07:39:23+00:00,84,168
2026-06-16 07:39:24+00:00,84,168
2026-06-16 07:39:25+00:00,83,166
2026-06-16 07:39:26+00:00,83,166
2026-06-16 07:39:27+00:00,83,166
2026-06-16 07:39:28+00:00,84,168
2026-06-16 07:39:29+00:00,85,170
2026-06-16 07:39:30+00:00,86,172
2026-06-16 07:39:31+00:00,87,174
2026-06-16 07:39:32+00:00,87,174
2026-06-16 07:39:33+00:00,87,174
2026-06-16 07:39:34+00:00,86,172
2026-06-16 07:39:35+00:00,86,172
2026-06-16 07:39:36+00:00,86,172
2026-06-16 07:39:37+00:00,85,170
2026-06-16 07:39:38+00:00,85,170
2026-06-16 07:39:39+00:00,85,170
2026-06-16 07:39:40+00:00,86,172
2026-06-16 07:39:41+00:00,87,174
2026-06-16 07:39:42+00:00,87,174
2026-06-16 07:39:43+00:00,86,172
2026-06-16 07:39:44+00:00,84,168
2026-06-16 07:39:45+00:00,84,168
2026-06-16 07:39:46+00:00,84,168
2026-06-16 07:39:47+00:00,85,170
2026-06-16 07:39:48+00:00,87,174
2026-06-16 07:39:49+00:00,87,174
2026-06-16 07:39:50+00:00,87,174
2026-06-16 07:39:51+00:00,87,174
2026-06-16 07:39:52+00:00,86,172
2026-06-16 07:39:53+00:00,85,170
2026-06-16 07:39:54+00:00,84,168
2026-06-16 07:39:55+00:00,84,168
2026-06-16 07:39:56+00:00,84,168
2026-06-16 07:39:57+00:00,84,168
2026-06-16 07:39:58+00:00,84,168
2026-06-16 07:39:59+00:00,84,168
2026-06-16 07:40:00+00:00,84,168
2026-06-16 07:40:01+00:00,84,168
2026-06-16 07:40:02+00:00,85,170
2026-06-16 07:40:03+00:00,85,170
2026-06-16 07:40:04+00:00,85,170
2026-06-16 07:40:05+00:00,85,170
2026-06-16 07:40:06+00:00,84,168
2026-06-16 07:40:07+00:00,84,168
2026-06-16 07:40:08+00:00,84,168
2026-06-16 07:40:09+00:00,84,168
2026-06-16 07:40:10+00:00,84,168
2026-06-16 07:40:11+00:00,84,168
2026-06-16 07:40:12+00:00,84,168
2026-06-16 07:40:13+00:00,85,170
2026-06-16 07:40:14+00:00,85,170
2026-06-16 07:40:15+00:00,85,170
2026-06-16 07:40:16+00:00,85,170
2026-06-16 07:40:17+00:00,85,170
2026-06-16 07:40:18+00:00,84,168
2026-06-16 07:40:19+00:00,84,168
2026-06-16 07:40:20+00:00,84,168
2026-06-16 07:40:21+00:00,84,168
2026-06-16 07:40:22+00:00,84,168
2026-06-16 07:40:23+00:00,84,168
2026-06-16 07:40:24+00:00,84,168
2026-06-16 07:40:25+00:00,84,168
2026-06-16 07:40:26+00:00,84,168
2026-06-16 07:40:27+00:00,83,166
2026-06-16 07:40:28+00:00,83,166
2026-06-16 07:40:29+00:00,82,164
2026-06-16 07:40:30+00:00,82,164
2026-06-16 07:40:31+00:00,82,164
2026-06-16 07:40:32+00:00,82,164
2026-06-16 07:40:33+00:00,82,164
2026-06-16 07:40:34+00:00,84,168
2026-06-16 07:40:35+00:00,85,170
2026-06-16 07:40:36+00:00,86,172
2026-06-16 07:40:37+00:00,86,172
2026-06-16 07:40:38+00:00,86,172
2026-06-16 07:40:39+00:00,85,170
2026-06-16 07:40:40+00:00,83,166
2026-06-16 07:40:41+00:00,82,164
2026-06-16 07:40:42+00:00,82,164
2026-06-16 07:40:43+00:00,82,164
2026-06-16 07:40:44+00:00,82,164
2026-06-16 07:40:45+00:00,82,164
2026-06-16 07:40:46+00:00,82,164
2026-06-16 07:40:47+00:00,82,164
2026-06-16 07:40:48+00:00,82,164
2026-06-16 07:40:49+00:00,82,164
2026-06-16 07:40:50+00:00,83,166
2026-06-16 07:40:51+00:00,83,166
2026-06-16 07:40:52+00:00,83,166
2026-06-16 07:40:53+00:00,82,164
2026-06-16 07:40:54+00:00,81,162
2026-06-16 07:40:55+00:00,81,162
2026-06-16 07:40:56+00:00,82,164
2026-06-16 07:40:57+00:00,82,164
2026-06-16 07:40:58+00:00,82,164
2026-06-16 07:40:59+00:00,82,164
2026-06-16 07:41:00+00:00,82,164
2026-06-16 07:41:01+00:00,81,162
2026-06-16 07:41:02+00:00,81,162
2026-06-16 07:41:03+00:00,81,162
2026-06-16 07:41:04+00:00,81,162
2026-06-16 07:41:05+00:00,81,162
2026-06-16 07:41:06+00:00,81,162
2026-06-16 07:41:07+00:00,80,160
2026-06-16 07:41:08+00:00,80,160
2026-06-16 07:41:09+00:00,81,162
2026-06-16 07:41:10+00:00,81,162
2026-06-16 07:41:11+00:00,81,162
2026-06-16 07:41:12+00:00,81,162
2026-06-16 07:41:13+00:00,81,162
2026-06-16 07:41:14+00:00,81,162
2026-06-16 07:41:15+00:00,77,154
2026-06-16 07:41:16+00:00,77,154
2026-06-16 07:41:17+00:00,76,152
2026-06-16 07:41:18+00:00,76,152
2026-06-16 07:41:19+00:00,76,152
2026-06-16 07:41:20+00:00,76,152
2026-06-16 07:41:21+00:00,76,152
2026-06-16 07:41:22+00:00,76,152
2026-06-16 07:41:23+00:00,76,152
2026-06-16 07:41:24+00:00,76,152
2026-06-16 07:41:25+00:00,76,152
2026-06-16 07:41:26+00:00,76,152
2026-06-16 07:41:27+00:00,76,152
2026-06-16 07:41:28+00:00,76,152
2026-06-16 07:41:29+00:00,76,152
2026-06-16 07:41:30+00:00,71,142
2026-06-16 07:41:31+00:00,71,142
2026-06-16 07:41:32+00:00,70,140
2026-06-16 07:41:33+00:00,70,140
2026-06-16 07:41:34+00:00,70,140
2026-06-16 07:41:35+00:00,72,144
2026-06-16 07:41:36+00:00,72,144
2026-06-16 07:41:37+00:00,72,144
2026-06-16 07:41:38+00:00,69,138
2026-06-16 07:41:39+00:00,69,138
2026-06-16 07:41:40+00:00,69,138
2026-06-16 07:41:41+00:00,69,138
2026-06-16 07:41:42+00:00,69,138
2026-06-16 07:41:43+00:00,69,138
2026-06-16 07:41:44+00:00,69,138
2026-06-16 07:41:45+00:00,69,138
2026-06-16 07:41:46+00:00,69,138
2026-06-16 07:41:47+00:00,71,142
2026-06-16 07:41:48+00:00,72,144
2026-06-16 07:41:49+00:00,72,144
2026-06-16 07:41:50+00:00,72,144
2026-06-16 07:41:51+00:00,72,144
2026-06-16 07:41:52+00:00,72,144
2026-06-16 07:41:53+00:00,73,146
2026-06-16 07:41:54+00:00,73,146
2026-06-16 07:41:55+00:00,73,146
2026-06-16 07:41:56+00:00,72,144
2026-06-16 07:41:57+00:00,72,144
2026-06-16 07:41:58+00:00,73,146
2026-06-16 07:41:59+00:00,73,146
2026-06-16 07:42:00+00:00,73,146
2026-06-16 07:42:01+00:00,74,148
2026-06-16 07:42:02+00:00,74,148
2026-06-16 07:42:03+00:00,74,148
2026-06-16 07:42:04+00:00,73,146
2026-06-16 07:42:05+00:00,73,146
2026-06-16 07:42:06+00:00,73,146
2026-06-16 07:42:07+00:00,73,146
2026-06-16 07:42:08+00:00,73,146
2026-06-16 07:42:09+00:00,72,144
2026-06-16 07:42:10+00:00,72,144
2026-06-16 07:42:11+00:00,71,142
2026-06-16 07:42:12+00:00,71,142
2026-06-16 07:42:13+00:00,71,142
2026-06-16 07:42:14+00:00,72,144
2026-06-16 07:42:15+00:00,72,144
2026-06-16 07:42:16+00:00,74,148
2026-06-16 07:42:17+00:00,76,152
2026-06-16 07:42:18+00:00,76,152
2026-06-16 07:42:19+00:00,77,154
2026-06-16 07:42:20+00:00,77,154
2026-06-16 07:42:21+00:00,76,152
2026-06-16 07:42:22+00:00,75,150
2026-06-16 07:42:23+00:00,75,150
2026-06-16 07:42:24+00:00,75,150
2026-06-16 07:42:25+00:00,75,150
2026-06-16 07:42:26+00:00,75,150
2026-06-16 07:42:27+00:00,75,150
2026-06-16 07:42:28+00:00,75,150
2026-06-16 07:42:29+00:00,75,150
2026-06-16 07:42:30+00:00,75,150
2026-06-16 07:42:31+00:00,74,148
2026-06-16 07:42:32+00:00,74,148
2026-06-16 07:42:33+00:00,74,148
2026-06-16 07:42:34+00:00,74,148
2026-06-16 07:42:35+00:00,74,148
2026-06-16 07:42:36+00:00,74,148
2026-06-16 07:42:37+00:00,74,148
2026-06-16 07:42:38+00:00,74,148
2026-06-16 07:42:39+00:00,74,148
2026-06-16 07:42:40+00:00,74,148
2026-06-16 07:42:41+00:00,74,148
2026-06-16 07:42:42+00:00,74,148
2026-06-16 07:42:43+00:00,75,150
2026-06-16 07:42:44+00:00,75,150
2026-06-16 07:42:45+00:00,76,152
2026-06-16 07:42:46+00:00,75,150
2026-06-16 07:42:47+00:00,76,152
2026-06-16 07:42:48+00:00,76,152
2026-06-16 07:42:49+00:00,76,152
2026-06-16 07:42:50+00:00,76,152
2026-06-16 07:42:51+00:00,77,154
2026-06-16 07:42:52+00:00,77,154
2026-06-16 07:42:53+00:00,79,158
2026-06-16 07:42:54+00:00,80,160
2026-06-16 07:42:55+00:00,80,160
2026-06-16 07:42:56+00:00,80,160
2026-06-16 07:42:57+00:00,80,160
2026-06-16 07:42:58+00:00,80,160
2026-06-16 07:42:59+00:00,81,162
2026-06-16 07:43:00+00:00,81,162
2026-06-16 07:43:01+00:00,81,162
2026-06-16 07:43:02+00:00,80,160
2026-06-16 07:43:03+00:00,80,160
2026-06-16 07:43:04+00:00,81,162
2026-06-16 07:43:05+00:00,81,162
2026-06-16 07:43:06+00:00,81,162
2026-06-16 07:43:07+00:00,82,164
2026-06-16 07:43:08+00:00,83,166
2026-06-16 07:43:09+00:00,83,166
2026-06-16 07:43:10+00:00,83,166
2026-06-16 07:43:11+00:00,83,166
2026-06-16 07:43:12+00:00,83,166
2026-06-16 07:43:13+00:00,81,162
2026-06-16 07:43:14+00:00,81,162
2026-06-16 07:43:15+00:00,81,162
2026-06-16 07:43:16+00:00,81,162
2026-06-16 07:43:17+00:00,81,162
2026-06-16 07:43:18+00:00,81,162
2026-06-16 07:43:19+00:00,81,162
2026-06-16 07:43:20+00:00,82,164
2026-06-16 07:43:21+00:00,82,164
2026-06-16 07:43:22+00:00,82,164
2026-06-16 07:43:23+00:00,81,162
2026-06-16 07:43:24+00:00,81,162
2026-06-16 07:43:25+00:00,82,164
2026-06-16 07:43:26+00:00,82,164
2026-06-16 07:43:27+00:00,83,166
2026-06-16 07:43:28+00:00,83,166
2026-06-16 07:43:29+00:00,83,166
2026-06-16 07:43:30+00:00,83,166
2026-06-16 07:43:31+00:00,84,168
2026-06-16 07:43:32+00:00,84,168
2026-06-16 07:43:33+00:00,83,166
2026-06-16 07:43:34+00:00,83,166
2026-06-16 07:43:35+00:00,82,164
2026-06-16 07:43:36+00:00,81,162
2026-06-16 07:43:37+00:00,80,160
2026-06-16 07:43:38+00:00,80,160
2026-06-16 07:43:39+00:00,81,162
2026-06-16 07:43:40+00:00,82,164
2026-06-16 07:43:41+00:00,82,164
2026-06-16 07:43:42+00:00,82,164
2026-06-16 07:43:43+00:00,82,164
2026-06-16 07:43:44+00:00,83,166
2026-06-16 07:43:45+00:00,83,166
2026-06-16 07:43:46+00:00,83,166
2026-06-16 07:43:47+00:00,84,168
2026-06-16 07:43:48+00:00,84,168
2026-06-16 07:43:49+00:00,84,168
2026-06-16 07:43:50+00:00,84,168
2026-06-16 07:43:51+00:00,84,168
2026-06-16 07:43:52+00:00,84,168
2026-06-16 07:43:53+00:00,83,166
2026-06-16 07:43:54+00:00,83,166
2026-06-16 07:43:55+00:00,83,166
2026-06-16 07:43:56+00:00,84,168
2026-06-16 07:43:57+00:00,84,168
2026-06-16 07:43:58+00:00,84,168
2026-06-16 07:43:59+00:00,82,164
2026-06-16 07:44:00+00:00,81,162
2026-06-16 07:44:01+00:00,81,162
2026-06-16 07:44:02+00:00,81,162
2026-06-16 07:44:03+00:00,81,162
2026-06-16 07:44:04+00:00,81,162
2026-06-16 07:44:05+00:00,82,164
2026-06-16 07:44:06+00:00,82,164
2026-06-16 07:44:07+00:00,81,162
2026-06-16 07:44:08+00:00,81,162
2026-06-16 07:44:09+00:00,81,162
2026-06-16 07:44:10+00:00,81,162
2026-06-16 07:44:11+00:00,81,162
2026-06-16 07:44:12+00:00,81,162
2026-06-16 07:44:13+00:00,81,162
2026-06-16 07:44:14+00:00,81,162
2026-06-16 07:44:15+00:00,81,162
2026-06-16 07:44:16+00:00,82,164
2026-06-16 07:44:17+00:00,82,164
2026-06-16 07:44:18+00:00,82,164
2026-06-16 07:44:19+00:00,83,166
2026-06-16 07:44:20+00:00,83,166
2026-06-16 07:44:21+00:00,82,164
2026-06-16 07:44:22+00:00,82,164
2026-06-16 07:44:23+00:00,82,164
2026-06-16 07:44:24+00:00,82,164
2026-06-16 07:44:25+00:00,83,166
2026-06-16 07:44:26+00:00,82,164
2026-06-16 07:44:27+00:00,81,162
2026-06-16 07:44:28+00:00,81,162
2026-06-16 07:44:29+00:00,81,162
2026-06-16 07:44:30+00:00,81,162
2026-06-16 07:44:31+00:00,81,162
2026-06-16 07:44:32+00:00,80,160
2026-06-16 07:44:33+00:00,80,160
2026-06-16 07:44:34+00:00,80,160
2026-06-16 07:44:35+00:00,80,160
2026-06-16 07:44:36+00:00,81,162
2026-06-16 07:44:37+00:00,81,162
2026-06-16 07:44:38+00:00,81,162
2026-06-16 07:44:39+00:00,81,162
2026-06-16 07:44:40+00:00,81,162
2026-06-16 07:44:41+00:00,82,164
2026-06-16 07:44:42+00:00,82,164
2026-06-16 07:44:43+00:00,82,164
2026-06-16 07:44:44+00:00,81,162
2026-06-16 07:44:45+00:00,81,162
2026-06-16 07:44:46+00:00,80,160
2026-06-16 07:44:47+00:00,79,158
2026-06-16 07:44:48+00:00,78,156
2026-06-16 07:44:49+00:00,78,156
2026-06-16 07:44:50+00:00,78,156
2026-06-16 07:44:51+00:00,78,156
2026-06-16 07:44:52+00:00,78,156
2026-06-16 07:44:53+00:00,80,160
2026-06-16 07:44:54+00:00,80,160
2026-06-16 07:44:55+00:00,79,158
2026-06-16 07:44:56+00:00,79,158
2026-06-16 07:44:57+00:00,79,158
2026-06-16 07:44:58+00:00,79,158
2026-06-16 07:44:59+00:00,79,158
2026-06-16 07:45:00+00:00,80,160
2026-06-16 07:45:01+00:00,80,160
2026-06-16 07:45:02+00:00,79,158
2026-06-16 07:45:03+00:00,79,158
2026-06-16 07:45:04+00:00,79,158
2026-06-16 07:45:05+00:00,79,158
2026-06-16 07:45:06+00:00,80,160
2026-06-16 07:45:07+00:00,81,162
2026-06-16 07:45:08+00:00,81,162
2026-06-16 07:45:09+00:00,82,164
2026-06-16 07:45:10+00:00,82,164
2026-06-16 07:45:11+00:00,80,160
2026-06-16 07:45:12+00:00,79,158
2026-06-16 07:45:13+00:00,79,158
2026-06-16 07:45:14+00:00,80,160
2026-06-16 07:45:15+00:00,80,160
2026-06-16 07:45:16+00:00,79,158
2026-06-16 07:45:17+00:00,79,158
2026-06-16 07:45:18+00:00,79,158
2026-06-16 07:45:19+00:00,79,158
2026-06-16 07:45:20+00:00,79,158
2026-06-16 07:45:21+00:00,79,158
2026-06-16 07:45:22+00:00,80,160
2026-06-16 07:45:23+00:00,80,160
2026-06-16 07:45:24+00:00,80,160
2026-06-16 07:45:25+00:00,79,158
2026-06-16 07:45:26+00:00,79,158
2026-06-16 07:45:27+00:00,78,156
2026-06-16 07:45:28+00:00,78,156
2026-06-16 07:45:29+00:00,79,158
2026-06-16 07:45:30+00:00,79,158
2026-06-16 07:45:31+00:00,79,158
2026-06-16 07:45:32+00:00,79,158
2026-06-16 07:45:33+00:00,79,158
2026-06-16 07:45:34+00:00,79,158
2026-06-16 07:45:35+00:00,78,156
2026-06-16 07:45:36+00:00,78,156
2026-06-16 07:45:37+00:00,78,156
2026-06-16 07:45:38+00:00,80,160
2026-06-16 07:45:39+00:00,80,160
2026-06-16 07:45:40+00:00,80,160
2026-06-16 07:45:41+00:00,80,160
2026-06-16 07:45:42+00:00,80,160
2026-06-16 07:45:43+00:00,80,160
2026-06-16 07:45:44+00:00,80,160
2026-06-16 07:45:45+00:00,80,160
2026-06-16 07:45:46+00:00,82,164
2026-06-16 07:45:47+00:00,84,168
2026-06-16 07:45:48+00:00,85,170
2026-06-16 07:45:49+00:00,86,172
2026-06-16 07:45:50+00:00,86,172
2026-06-16 07:45:51+00:00,86,172
2026-06-16 07:45:52+00:00,86,172
2026-06-16 07:45:53+00:00,85,170
2026-06-16 07:45:54+00:00,85,170
2026-06-16 07:45:55+00:00,84,168
2026-06-16 07:45:56+00:00,83,166
2026-06-16 07:45:57+00:00,82,164
2026-06-16 07:45:58+00:00,82,164
2026-06-16 07:45:59+00:00,81,162
2026-06-16 07:46:00+00:00,81,162
2026-06-16 07:46:01+00:00,82,164
2026-06-16 07:46:02+00:00,82,164
2026-06-16 07:46:03+00:00,82,164
2026-06-16 07:46:04+00:00,82,164
2026-06-16 07:46:05+00:00,82,164
2026-06-16 07:46:06+00:00,82,164
2026-06-16 07:46:07+00:00,82,164
2026-06-16 07:46:08+00:00,81,162
2026-06-16 07:46:09+00:00,81,162
2026-06-16 07:46:10+00:00,82,164
2026-06-16 07:46:11+00:00,83,166
2026-06-16 07:46:12+00:00,83,166
2026-06-16 07:46:13+00:00,82,164
2026-06-16 07:46:14+00:00,81,162
2026-06-16 07:46:15+00:00,80,160
2026-06-16 07:46:16+00:00,80,160
2026-06-16 07:46:17+00:00,80,160
2026-06-16 07:46:18+00:00,79,158
2026-06-16 07:46:19+00:00,79,158
2026-06-16 07:46:20+00:00,80,160
2026-06-16 07:46:21+00:00,82,164
2026-06-16 07:46:22+00:00,82,164
2026-06-16 07:46:23+00:00,82,164
2026-06-16 07:46:24+00:00,82,164
2026-06-16 07:46:25+00:00,82,164
2026-06-16 07:46:26+00:00,82,164
2026-06-16 07:46:27+00:00,82,164
2026-06-16 07:46:28+00:00,82,164
2026-06-16 07:46:29+00:00,81,162
2026-06-16 07:46:30+00:00,80,160
2026-06-16 07:46:31+00:00,80,160
2026-06-16 07:46:32+00:00,81,162
2026-06-16 07:46:33+00:00,82,164
2026-06-16 07:46:34+00:00,83,166
2026-06-16 07:46:35+00:00,83,166
2026-06-16 07:46:36+00:00,82,164
2026-06-16 07:46:37+00:00,80,160
2026-06-16 07:46:38+00:00,80,160
2026-06-16 07:46:39+00:00,80,160
2026-06-16 07:46:40+00:00,81,162
2026-06-16 07:46:41+00:00,81,162
2026-06-16 07:46:42+00:00,80,160
2026-06-16 07:46:43+00:00,80,160
2026-06-16 07:46:44+00:00,81,162
2026-06-16 07:46:45+00:00,81,162
2026-06-16 07:46:46+00:00,81,162
2026-06-16 07:46:47+00:00,81,162
2026-06-16 07:46:48+00:00,80,160
2026-06-16 07:46:49+00:00,80,160
2026-06-16 07:46:50+00:00,76,152
2026-06-16 07:46:51+00:00,75,150
2026-06-16 07:46:52+00:00,74,148
2026-06-16 07:46:53+00:00,74,148
2026-06-16 07:46:54+00:00,75,150
2026-06-16 07:46:55+00:00,76,152
2026-06-16 07:46:56+00:00,76,152
2026-06-16 07:46:57+00:00,76,152
2026-06-16 07:46:58+00:00,77,154
2026-06-16 07:46:59+00:00,78,156
2026-06-16 07:47:00+00:00,78,156
2026-06-16 07:47:01+00:00,78,156
2026-06-16 07:47:02+00:00,78,156
2026-06-16 07:47:03+00:00,78,156
2026-06-16 07:47:04+00:00,78,156
2026-06-16 07:47:05+00:00,78,156
2026-06-16 07:47:06+00:00,78,156
2026-06-16 07:47:07+00:00,78,156
2026-06-16 07:47:08+00:00,78,156
2026-06-16 07:47:09+00:00,78,156
2026-06-16 07:47:10+00:00,79,158
2026-06-16 07:47:11+00:00,79,158
2026-06-16 07:47:12+00:00,79,158
2026-06-16 07:47:13+00:00,79,158
2026-06-16 07:47:14+00:00,78,156
2026-06-16 07:47:15+00:00,78,156
2026-06-16 07:47:16+00:00,78,156
2026-06-16 07:47:17+00:00,78,156
2026-06-16 07:47:18+00:00,78,156
2026-06-16 07:47:19+00:00,78,156
2026-06-16 07:47:20+00:00,79,158
2026-06-16 07:47:21+00:00,79,158
2026-06-16 07:47:22+00:00,79,158
2026-06-16 07:47:23+00:00,79,158
2026-06-16 07:47:24+00:00,79,158
2026-06-16 07:47:25+00:00,79,158
2026-06-16 07:47:26+00:00,80,160
2026-06-16 07:47:27+00:00,80,160
2026-06-16 07:47:28+00:00,79,158
2026-06-16 07:47:29+00:00,78,156
2026-06-16 07:47:30+00:00,77,154
2026-06-16 07:47:31+00:00,77,154
2026-06-16 07:47:32+00:00,77,154
2026-06-16 07:47:33+00:00,77,154
2026-06-16 07:47:34+00:00,78,156
2026-06-16 07:47:35+00:00,79,158
2026-06-16 07:47:36+00:00,79,158
2026-06-16 07:47:37+00:00,79,158
2026-06-16 07:47:38+00:00,79,158
2026-06-16 07:47:39+00:00,79,158
2026-06-16 07:47:40+00:00,79,158
2026-06-16 07:47:41+00:00,79,158
2026-06-16 07:47:42+00:00,80,160
2026-06-16 07:47:43+00:00,80,160
2026-06-16 07:47:44+00:00,80,160
2026-06-16 07:47:45+00:00,80,160
2026-06-16 07:47:46+00:00,80,160
2026-06-16 07:47:47+00:00,80,160
2026-06-16 07:47:48+00:00,81,162
2026-06-16 07:47:49+00:00,82,164
2026-06-16 07:47:50+00:00,82,164
2026-06-16 07:47:51+00:00,82,164
2026-06-16 07:47:52+00:00,82,164
2026-06-16 07:47:53+00:00,81,162
2026-06-16 07:47:54+00:00,81,162
2026-06-16 07:47:55+00:00,81,162
2026-06-16 07:47:56+00:00,81,162
2026-06-16 07:47:57+00:00,80,160
2026-06-16 07:47:58+00:00,80,160
2026-06-16 07:47:59+00:00,80,160
2026-06-16 07:48:00+00:00,80,160
2026-06-16 07:48:01+00:00,80,160
2026-06-16 07:48:02+00:00,81,162
2026-06-16 07:48:03+00:00,82,164
2026-06-16 07:48:04+00:00,82,164
2026-06-16 07:48:05+00:00,82,164
2026-06-16 07:48:06+00:00,82,164
2026-06-16 07:48:07+00:00,81,162
2026-06-16 07:48:08+00:00,81,162
2026-06-16 07:48:09+00:00,81,162
2026-06-16 07:48:10+00:00,81,162
2026-06-16 07:48:11+00:00,81,162
2026-06-16 07:48:12+00:00,81,162
2026-06-16 07:48:13+00:00,81,162
2026-06-16 07:48:14+00:00,81,162
2026-06-16 07:48:15+00:00,80,160
2026-06-16 07:48:16+00:00,80,160
2026-06-16 07:48:17+00:00,80,160
2026-06-16 07:48:18+00:00,81,162
2026-06-16 07:48:19+00:00,81,162
2026-06-16 07:48:20+00:00,81,162
2026-06-16 07:48:21+00:00,80,160
2026-06-16 07:48:22+00:00,81,162
2026-06-16 07:48:23+00:00,81,162
2026-06-16 07:48:24+00:00,82,164
2026-06-16 07:48:25+00:00,82,164
2026-06-16 07:48:26+00:00,82,164
2026-06-16 07:48:27+00:00,82,164
2026-06-16 07:48:28+00:00,82,164
2026-06-16 07:48:29+00:00,83,166
2026-06-16 07:48:30+00:00,84,168
2026-06-16 07:48:31+00:00,84,168
2026-06-16 07:48:32+00:00,83,166
2026-06-16 07:48:33+00:00,81,162
2026-06-16 07:48:34+00:00,81,162
2026-06-16 07:48:35+00:00,81,162
2026-06-16 07:48:36+00:00,82,164
2026-06-16 07:48:37+00:00,82,164
2026-06-16 07:48:38+00:00,82,164
2026-06-16 07:48:39+00:00,82,164
2026-06-16 07:48:40+00:00,82,164
2026-06-16 07:48:41+00:00,82,164
2026-06-16 07:48:42+00:00,81,162
2026-06-16 07:48:43+00:00,80,160
2026-06-16 07:48:44+00:00,80,160
2026-06-16 07:48:45+00:00,80,160
2026-06-16 07:48:46+00:00,80,160
2026-06-16 07:48:47+00:00,81,162
2026-06-16 07:48:48+00:00,81,162
2026-06-16 07:48:49+00:00,82,164
2026-06-16 07:48:50+00:00,83,166
2026-06-16 07:48:51+00:00,83,166
2026-06-16 07:48:52+00:00,82,164
2026-06-16 07:48:53+00:00,82,164
2026-06-16 07:48:54+00:00,81,162
2026-06-16 07:48:55+00:00,81,162
2026-06-16 07:48:56+00:00,81,162
2026-06-16 07:48:57+00:00,82,164
2026-06-16 07:48:58+00:00,82,164
2026-06-16 07:48:59+00:00,82,164
2026-06-16 07:49:00+00:00,82,164
2026-06-16 07:49:01+00:00,82,164
2026-06-16 07:49:02+00:00,82,164
2026-06-16 07:49:03+00:00,84,168
2026-06-16 07:49:04+00:00,85,170
2026-06-16 07:49:05+00:00,85,170
2026-06-16 07:49:06+00:00,84,168
2026-06-16 07:49:07+00:00,83,166
2026-06-16 07:49:08+00:00,83,166
2026-06-16 07:49:09+00:00,83,166
2026-06-16 07:49:10+00:00,83,166
2026-06-16 07:49:11+00:00,83,166
2026-06-16 07:49:12+00:00,84,168
2026-06-16 07:49:13+00:00,84,168
2026-06-16 07:49:14+00:00,84,168
2026-06-16 07:49:15+00:00,84,168
2026-06-16 07:49:16+00:00,84,168
2026-06-16 07:49:17+00:00,83,166
2026-06-16 07:49:18+00:00,83,166
2026-06-16 07:49:19+00:00,84,168
2026-06-16 07:49:20+00:00,84,168
2026-06-16 07:49:21+00:00,84,168
2026-06-16 07:49:22+00:00,84,168
2026-06-16 07:49:23+00:00,84,168
2026-06-16 07:49:24+00:00,84,168
2026-06-16 07:49:25+00:00,82,164
2026-06-16 07:49:26+00:00,82,164
2026-06-16 07:49:27+00:00,83,166
2026-06-16 07:49:28+00:00,83,166
2026-06-16 07:49:29+00:00,83,166
2026-06-16 07:49:30+00:00,83,166
2026-06-16 07:49:31+00:00,83,166
2026-06-16 07:49:32+00:00,83,166
